,goals,assists,saves,yellow_cards,red_cards,minutes_played,matches,goals_p90,assists_p90,saves_p90,cards_p90,cluster,name,country
0,0,1,0,0,0,126.0,1,0.0,0.7142857142857142,0.0,0.0,0,Nabil Fekir,France
1,0,2,0,9,0,1236.0,20,0.0,0.14563106796116507,0.0,0.6553398058252428,0,Yuri Berchiche,Spain
2,0,0,0,1,0,158.0,2,0.0,0.0,0.0,0.569620253164557,0,Mikel Merino,Spain
3,2,4,0,5,0,1217.0,18,0.14790468364831552,0.29580936729663104,0.0,0.3697617091207889,0,Danilo,Brazil
4,1,0,0,2,0,510.0,6,0.1764705882352941,0.0,0.0,0.3529411764705882,0,David Silva,Spain
5,1,0,0,0,0,308.0,4,0.29220779220779225,0.0,0.0,0.0,0,Christian Atsu,Ghana
6,2,1,0,11,0,2799.0,37,0.06430868167202572,0.03215434083601286,0.0,0.3536977491961415,0,Yaya Touré,Côte d'Ivoire
7,0,0,0,2,0,137.0,2,0.0,0.0,0.0,1.313868613138686,0,Nicolás Otamendi,Argentina
8,0,0,0,1,0,256.0,4,0.0,0.0,0.0,0.3515625,0,Bruno Saltor,Spain
9,0,1,0,0,0,395.0,5,0.0,0.22784810126582278,0.0,0.0,0,Malcom,Brazil
10,0,0,0,1,0,136.0,2,0.0,0.0,0.0,0.6617647058823529,0,Gaël Kakuta,"Congo, (Kinshasa)"
11,0,0,0,1,0,45.0,1,0.0,0.0,0.0,2.0,0,Chidozie Awaziem,Nigeria
12,0,0,0,1,0,145.0,2,0.0,0.0,0.0,0.6206896551724138,0,André Zambo Anguissa,Cameroon
13,0,0,0,1,0,170.0,2,0.0,0.0,0.0,0.5294117647058824,0,Jaroslav Plašil,Czech Republic
14,0,0,0,3,0,603.0,10,0.0,0.0,0.0,0.44776119402985076,0,Rene Krhin,Slovenia
15,0,0,0,1,0,129.0,1,0.0,0.0,0.0,0.6976744186046512,0,Sergi Darder,Spain
16,3,1,0,1,0,691.0,6,0.39073806078147616,0.13024602026049203,0.0,0.13024602026049203,0,Sergio Agüero,Argentina
17,0,1,0,10,0,1435.0,27,0.0,0.0627177700348432,0.0,0.627177700348432,0,Adil Rami,France
18,1,0,0,1,0,170.0,2,0.5294117647058824,0.0,0.0,0.5294117647058824,0,Joselu,Spain
19,0,0,0,2,0,426.0,6,0.0,0.0,0.0,0.4225352112676056,0,Abdoulaye Doucouré,Mali
20,0,1,0,4,0,1412.0,14,0.0,0.06373937677053824,0.0,0.254957507082153,0,Nordin Amrabat,Morocco
21,0,0,0,9,0,1317.0,19,0.0,0.0,0.0,0.6150341685649203,0,Eric Bailly,Côte d'Ivoire
22,0,0,0,1,0,135.0,2,0.0,0.0,0.0,0.6666666666666667,0,Diego Carlos,Brazil
23,0,0,0,1,0,990.0,22,0.0,0.0,0.0,0.09090909090909091,0,Alphonse Areola,France
24,20,10,0,8,0,4252.0,45,0.4233301975540922,0.2116650987770461,0.0,0.16933207902163688,0,Alexis Sánchez,Chile
25,1,0,0,1,0,135.0,2,0.6666666666666667,0.0,0.0,0.6666666666666667,0,Eliaquim Mangala,France
26,0,0,0,1,0,165.0,3,0.0,0.0,0.0,0.5454545454545454,0,Francis Joseph Coquelin,France
27,2,0,0,1,0,234.0,2,0.7692307692307693,0.0,0.0,0.38461538461538464,0,Falcao,Colombia
28,0,1,0,1,0,91.0,3,0.0,0.989010989010989,0.0,0.989010989010989,0,Álvaro Morata,Spain
29,19,25,0,11,0,5251.0,57,0.325652256713007,0.42848981146448295,0.0,0.1885355170443725,0,Cesc Fàbregas,Spain
30,3,3,0,3,0,1867.0,19,0.144617032672737,0.144617032672737,0.0,0.144617032672737,0,Fernando Llorente,Spain
31,0,2,0,2,0,461.0,5,0.0,0.39045553145336226,0.0,0.39045553145336226,0,Mesut Özil,Germany
32,7,3,0,6,0,2366.0,28,0.2662721893491124,0.11411665257819104,0.0,0.22823330515638207,0,Vicente Iborra,Spain
33,9,5,0,3,0,3217.0,35,0.25178737954616104,0.13988187752564502,0.0,0.083929126515387,0,Philippe Coutinho,Brazil
34,1,1,0,0,0,437.0,5,0.20594965675057209,0.20594965675057209,0.0,0.0,0,Sandro Ramírez,Spain
35,1,0,0,0,0,239.0,4,0.37656903765690375,0.0,0.0,0.0,0,Alberto Moreno,Spain
36,1,0,0,0,0,118.0,1,0.7627118644067796,0.0,0.0,0.0,0,Karl Toko Ekambi,Cameroon
37,0,1,0,1,0,919.0,11,0.0,0.09793253536452666,0.0,0.09793253536452666,0,Charly Musonda,Belgium
38,2,0,0,3,0,424.0,7,0.4245283018867924,0.0,0.0,0.6367924528301887,0,Ander Herrera,Spain
39,1,3,0,12,0,2740.0,32,0.03284671532846715,0.09854014598540146,0.0,0.39416058394160586,0,Roque Mesa,Spain
40,0,0,0,2,0,1012.0,18,0.0,0.0,0.0,0.17786561264822134,0,Grzegorz Krychowiak,Poland
41,2,0,0,13,0,1650.0,27,0.10909090909090909,0.0,0.0,0.7090909090909091,0,Shkodran Mustafi,Germany
42,9,5,0,4,0,1075.0,14,0.7534883720930233,0.41860465116279066,0.0,0.33488372093023255,0,Zlatan Ibrahimović,Sweden
43,1,1,0,1,0,606.0,8,0.1485148514851485,0.1485148514851485,0.0,0.1485148514851485,0,Gerard Deulofeu,Spain
44,34,21,0,13,0,9570.0,107,0.31974921630094044,0.1974921630094044,0.0,0.12225705329153605,0,Pedro,Spain
45,1,2,0,0,0,653.0,10,0.13782542113323124,0.27565084226646247,0.0,0.0,0,Jesé,Spain
46,0,0,0,2,0,315.0,7,0.0,0.0,0.0,0.5714285714285714,0,Allan Nyom,Cameroon
47,1,0,0,0,0,105.0,1,0.8571428571428572,0.0,0.0,0.0,0,Salomón Rondón,Venezuela (Bolivarian Republic)
48,44,27,0,15,0,5854.0,89,0.676460539801845,0.4151007857874957,0.0,0.23061154765971986,0,Neymar,Brazil
49,13,40,0,42,0,9558.0,175,0.1224105461393597,0.3766478342749529,0.0,0.39548022598870053,0,Dani Alves,Brazil
50,1,0,0,3,0,573.0,6,0.15706806282722513,0.0,0.0,0.47120418848167545,0,Thiago Motta,Italy
51,0,0,0,1,0,108.0,1,0.0,0.0,0.0,0.8333333333333333,0,Giannelli Imbula,"Congo, (Kinshasa)"
52,3,1,0,8,0,1393.0,26,0.19382627422828427,0.06460875807609476,0.0,0.5168700646087581,0,Aymeric Laporte,Spain
53,0,0,0,4,0,901.0,18,0.0,0.0,0.0,0.3995560488346282,0,Aymen Abdennour,Tunisia
54,0,0,0,1,0,81.0,2,0.0,0.0,0.0,1.1111111111111112,0,W. Sneijder,Netherlands
55,0,0,0,2,0,298.0,5,0.0,0.0,0.0,0.6040268456375839,0,Dória,Brazil
56,3,2,0,2,0,1142.0,18,0.23642732049036777,0.1576182136602452,0.0,0.1576182136602452,0,Martin Braithwaite,Denmark
57,3,0,0,4,0,540.0,12,0.5,0.0,0.0,0.6666666666666667,0,Jean-Sylvain Babin,Martinique
58,0,0,0,3,0,671.0,12,0.0,0.0,0.0,0.40238450074515647,0,Dimitri Foulquier,Guadeloupe
59,0,0,0,1,0,45.0,1,0.0,0.0,0.0,2.0,0,Ramiro Funes Mori,Argentina
60,3,1,0,2,0,1990.0,23,0.135678391959799,0.04522613065326633,0.0,0.09045226130653267,0,Pablo Hernández,Spain
61,0,0,0,2,0,487.0,8,0.0,0.0,0.0,0.3696098562628337,0,Juan Rafael Fuentes,Spain
62,0,1,0,4,0,577.0,11,0.0,0.1559792027729636,0.0,0.6239168110918544,0,Jesús Gámez,Spain
63,0,0,0,1,0,510.0,7,0.0,0.0,0.0,0.1764705882352941,0,Ibrahim Afellay,Netherlands
64,13,2,0,2,0,1864.0,26,0.6276824034334765,0.09656652360515021,0.0,0.09656652360515021,0,Bojan,Spain
65,2,6,0,4,0,2057.0,21,0.08750607681088964,0.2625182304326689,0.0,0.17501215362177927,0,Isco,Spain
66,3,0,0,2,0,692.0,10,0.3901734104046242,0.0,0.0,0.26011560693641617,0,Denis Cheryshev,Russia
67,1,1,0,2,0,562.0,7,0.16014234875444838,0.16014234875444838,0.0,0.32028469750889677,0,Diego Costa,Spain
68,5,12,0,5,0,3534.0,35,0.12733446519524616,0.30560271646859083,0.0,0.12733446519524616,0,Koke,Spain
69,3,5,0,4,0,1147.0,20,0.23539668700959024,0.39232781168265035,0.0,0.31386224934612034,0,Lucas Vázquez,Spain
70,5,1,0,14,0,1980.0,35,0.2272727272727273,0.045454545454545456,0.0,0.6363636363636364,0,Sergio Ramos,Spain
71,0,0,0,5,0,713.0,15,0.0,0.0,0.0,0.6311360448807855,0,Nacho,Spain
72,4,20,0,73,0,19723.0,282,0.018252801297976982,0.0912640064898849,0.0,0.3331136236880799,0,Sergio Busquets,Spain
73,36,8,0,7,0,3619.0,44,0.8952749378281294,0.19894998618402873,0.0,0.17408123791102514,0,Cristiano Ronaldo,Portugal
74,3,5,0,5,0,2330.0,31,0.11587982832618027,0.19313304721030042,0.0,0.19313304721030042,0,Thiago Alcântara,Spain
75,10,36,0,39,1,11241.0,186,0.08006405124099279,0.28823058446757405,0.0,0.32025620496397117,0,Jordi Alba,Spain
76,17,3,0,75,0,15254.0,267,0.10030156024649273,0.017700275337616363,0.0,0.44250688344040906,0,Gerard Piqué,Spain
77,0,1,0,0,0,209.0,3,0.0,0.43062200956937796,0.0,0.0,0,William Carvalho,Portugal
78,20,41,0,22,0,17768.0,215,0.10130571814497973,0.20767672219720848,0.0,0.11143628995947771,0,Andrés Iniesta,Spain
79,15,5,0,9,0,2946.0,32,0.45824847250509165,0.15274949083503056,0.0,0.27494908350305497,0,Iago Aspas,Spain
80,112,53,0,26,0,9456.0,145,1.0659898477157361,0.5044416243654822,0.0,0.24746192893401017,0,Luis Suárez,Uruguay
81,3,1,0,10,0,1435.0,30,0.18815331010452963,0.0627177700348432,0.0,0.627177700348432,0,Diego Godín,Uruguay
82,1,1,0,5,0,1142.0,22,0.0788091068301226,0.0788091068301226,0.0,0.39404553415061294,0,José Giménez,Uruguay
83,0,0,0,3,0,1001.0,14,0.0,0.0,0.0,0.26973026973026976,0,Mateo Kovačić,Croatia
84,0,0,0,1,0,122.0,1,0.0,0.0,0.0,0.7377049180327869,0,Odion Ighalo,Nigeria
85,0,0,0,1,0,103.0,1,0.0,0.0,0.0,0.8737864077669902,0,Šime Vrsaljko,Croatia
86,2,6,0,5,0,2649.0,33,0.06795016987542468,0.20385050962627407,0.0,0.16987542468856173,0,Luka Modrić,Croatia
87,0,0,0,1,0,156.0,2,0.0,0.0,0.0,0.5769230769230769,0,Peter Etebo,Nigeria
88,17,18,0,18,0,11038.0,136,0.13861206740351514,0.14676571842725133,0.0,0.14676571842725133,0,Ivan Rakitić,Croatia
89,1,0,0,1,0,112.0,1,0.8035714285714285,0.0,0.0,0.8035714285714285,0,Mario Mandžukić,Croatia
90,11,11,0,3,1,4195.0,46,0.2359952324195471,0.2359952324195471,0.0,0.08581644815256258,0,Ousmane Dembélé,France
91,0,0,0,6,0,1374.0,28,0.0,0.0,0.0,0.3930131004366812,0,Raphaël Varane,France
92,35,11,0,8,0,8293.0,82,0.37983841794284334,0.1193777884963222,0.0,0.08682020981550706,0,Antoine Griezmann,France
93,2,1,0,20,0,3913.0,70,0.04600051111679018,0.02300025555839509,0.0,0.4600051111679018,0,Samuel Umtiti,France
94,393,158,0,42,0,26530.0,405,1.3332076894082172,0.5359969845457973,0.0,0.14248021108179418,0,Lionel Messi,Argentina
95,5,3,0,9,0,1871.0,23,0.24051309460181722,0.14430785676109034,0.0,0.43292357028327094,0,Éver Banega,Argentina
96,1,2,0,34,1,9101.0,141,0.009889023184265466,0.019778046368530932,0.0,0.34611581144929127,0,Javier Mascherano,Argentina
97,0,0,0,1,0,168.0,2,0.0,0.0,0.0,0.5357142857142857,0,Pione Sisto,Denmark
98,0,0,0,1,0,274.0,3,0.0,0.0,0.0,0.3284671532846715,0,Simon Kjær,Denmark
99,0,0,0,2,0,90.0,2,0.0,0.0,0.0,2.0,0,Fabian Schär,Switzerland
100,2,1,0,7,0,1531.0,21,0.11757021554539517,0.05878510777269758,0.0,0.4114957544088831,0,Casemiro,Brazil
101,6,2,0,2,0,1041.0,16,0.5187319884726225,0.1729106628242075,0.0,0.1729106628242075,0,Paulinho,Brazil
102,1,4,0,4,0,1705.0,32,0.05278592375366569,0.21114369501466276,0.0,0.21114369501466276,0,Marcelo,Brazil
103,3,1,0,15,0,3912.0,62,0.06901840490797546,0.023006134969325156,0.0,0.3450920245398773,0,Rafael Márquez,Mexico
104,3,5,0,7,0,2581.0,30,0.10461061604029447,0.1743510267338241,0.0,0.24409143742735373,0,Carlos Vela,Mexico
105,0,0,0,3,0,423.0,6,0.0,0.0,0.0,0.6382978723404256,0,Andrés Guardado,Mexico
106,1,9,0,2,0,2478.0,32,0.03631961259079903,0.3268765133171913,0.0,0.07263922518159806,0,Toni Kroos,Germany
107,2,0,0,3,0,1360.0,17,0.1323529411764706,0.0,0.0,0.19852941176470587,0,Celso Borges,Costa Rica
108,0,0,0,2,0,578.0,10,0.0,0.0,0.0,0.31141868512110726,0,Antonio Rukavina,Serbia
109,0,1,0,1,0,529.0,6,0.0,0.17013232514177695,0.0,0.17013232514177695,0,Óscar Duarte,Costa Rica
110,2,1,0,5,0,1877.0,23,0.09589770911028236,0.04794885455514118,0.0,0.23974427277570592,0,Yannick Carrasco,Belgium
111,1,0,0,3,0,1377.0,17,0.06535947712418301,0.0,0.0,0.19607843137254904,0,Alfred N'Diaye,Senegal
112,1,1,0,5,0,1143.0,15,0.07874015748031496,0.07874015748031496,0.0,0.3937007874015748,0,Jefferson Lerma,Colombia
113,2,2,0,1,0,1209.0,14,0.1488833746898263,0.1488833746898263,0.0,0.07444168734491315,0,Takashi Inui,Japan
114,5,8,0,0,0,1225.0,15,0.3673469387755102,0.5877551020408164,0.0,0.0,0,James Rodríguez,Colombia
115,1,4,0,2,0,1390.0,18,0.06474820143884892,0.2589928057553957,0.0,0.12949640287769784,0,Rodrigo,Spain
116,4,6,0,2,0,1822.0,24,0.19758507135016465,0.29637760702524696,0.0,0.09879253567508232,0,Marco Asensio Willemsen,Spain
117,0,4,0,9,0,1722.0,25,0.0,0.20905923344947736,0.0,0.47038327526132406,0,Daniel Carvajal,Spain
118,4,2,0,2,0,2224.0,27,0.16187050359712232,0.08093525179856116,0.0,0.08093525179856116,0,Fayçal Fajr,Morocco
119,3,1,0,3,0,1481.0,20,0.18230925050641458,0.06076975016880486,0.0,0.18230925050641458,0,Steven Nzonzi,France
120,0,0,0,6,0,908.0,11,0.0,0.0,0.0,0.5947136563876653,0,Enzo Pérez,Argentina
121,1,0,0,1,0,186.0,3,0.4838709677419355,0.0,0.0,0.4838709677419355,0,Gabriel Mercado,Argentina
122,0,0,0,1,0,45.0,1,0.0,0.0,0.0,2.0,0,Kenneth Omeruo,Nigeria
123,3,3,0,0,0,700.0,10,0.38571428571428573,0.38571428571428573,0.0,0.0,0,Giovani dos Santos,Mexico
124,7,0,0,1,0,882.0,9,0.7142857142857142,0.0,0.0,0.10204081632653061,0,John Guidetti,Sweden
125,0,0,0,1,0,90.0,2,0.0,0.0,0.0,1.0,0,Abel Aguilar,Colombia
126,0,1,0,0,0,141.0,2,0.0,0.6382978723404256,0.0,0.0,0,Maxi Gómez,Uruguay
127,1,1,0,1,0,180.0,3,0.5,0.5,0.0,0.5,0,Youssef En-Nesyri,Morocco
128,1,2,0,8,0,1469.0,24,0.06126616746085772,0.12253233492171545,0.0,0.4901293396868618,0,Filipe Luis,Brazil
129,0,0,0,2,0,206.0,2,0.0,0.0,0.0,0.8737864077669902,0,Adnan Januzaj,Belgium
130,1,1,0,4,0,1133.0,22,0.0794351279788173,0.0794351279788173,0.0,0.3177405119152692,0,Thomas Vermaelen,Belgium
131,1,0,0,0,0,165.0,2,0.5454545454545454,0.0,0.0,0.0,0,Luis Muriel,Colombia
132,0,0,0,2,0,563.0,8,0.0,0.0,0.0,0.3197158081705151,0,Federico Fazio,Argentina
133,0,0,0,2,0,113.0,2,0.0,0.0,0.0,1.592920353982301,0,Cristhian Stuani,Uruguay
134,1,1,0,3,0,912.0,13,0.09868421052631579,0.09868421052631579,0.0,0.29605263157894735,0,Michael Krohn-Dehli,Denmark
135,0,1,0,1,0,1436.0,17,0.0,0.06267409470752089,0.0,0.06267409470752089,0,Jonathan dos Santos,Mexico
136,0,1,0,5,0,2804.0,45,0.0,0.03209700427960057,0.0,0.16048502139800286,0,Nélson Semedo,Portugal
137,1,2,0,5,0,1575.0,33,0.05714285714285714,0.11428571428571428,0.0,0.2857142857142857,0,Juanfran,Spain
138,0,0,0,1,0,360.0,8,0.0,0.0,0.0,0.25,0,Stefan Savić,Montenegro
139,1,0,0,3,0,759.0,9,0.11857707509881424,0.0,0.0,0.3557312252964427,0,Ángel Correa,Argentina
140,3,15,0,13,0,7681.0,112,0.0351516729592501,0.17575836479625048,0.0,0.15232391615675042,0,Sergi Roberto,Spain
141,5,1,0,3,0,1998.0,24,0.22522522522522523,0.04504504504504504,0.0,0.13513513513513514,0,Saúl Ñíguez,Spain
142,9,1,0,2,0,1675.0,25,0.48358208955223875,0.05373134328358209,0.0,0.10746268656716418,0,Fernando Torres,Spain
143,0,1,0,2,0,472.0,9,0.0,0.1906779661016949,0.0,0.3813559322033898,0,Thomas Partey,Ghana
144,0,3,0,12,0,2663.0,34,0.0,0.10138941043935411,0.0,0.40555764175741643,0,Gabi,Spain
145,0,0,0,1,0,1082.0,17,0.0,0.0,0.0,0.08317929759704251,0,Eneko Bóveda,Spain
146,0,0,0,4,0,810.0,10,0.0,0.0,0.0,0.4444444444444444,0,Ander Iturraspe,Spain
147,1,2,0,3,0,1875.0,24,0.048,0.096,0.0,0.14400000000000002,0,Mikel San José,Spain
148,4,3,0,4,0,2832.0,28,0.1271186440677966,0.09533898305084745,0.0,0.1271186440677966,0,Markel Susaeta,Spain
149,8,6,0,12,0,2555.0,31,0.28180039138943247,0.21135029354207435,0.0,0.4227005870841487,0,Raúl García,Spain
150,0,0,0,3,0,965.0,15,0.0,0.0,0.0,0.27979274611398963,0,Iñigo Lekue,Spain
151,7,2,0,3,0,2431.0,22,0.2591526120937886,0.07404360345536816,0.0,0.11106540518305225,0,Iñaki Williams,Ghana
152,14,6,0,8,0,2249.0,34,0.5602489995553579,0.24010671409515338,0.0,0.3201422854602045,0,Aritz Aduriz,Spain
153,1,4,0,6,0,2754.0,33,0.032679738562091505,0.13071895424836602,0.0,0.19607843137254904,0,Beñat Etxebarria,Spain
154,0,0,0,1,0,135.0,3,0.0,0.0,0.0,0.6666666666666667,0,Unai Núñez,Spain
155,17,9,0,4,0,1936.0,23,0.7902892561983471,0.41838842975206614,0.0,0.1859504132231405,0,Gareth Bale,Wales
156,2,2,0,1,0,1159.0,16,0.1553062985332183,0.1553062985332183,0.0,0.07765314926660916,0,Aleix Vidal,Spain
157,12,2,0,0,0,1973.0,22,0.5473897617840852,0.0912316269640142,0.0,0.0,0,Kévin Gameiro,France
158,15,6,0,1,0,2751.0,35,0.49073064340239914,0.19629225736095965,0.0,0.032715376226826604,0,Paco Alcácer,Spain
159,4,0,0,6,0,2523.0,26,0.1426872770511296,0.0,0.0,0.2140309155766944,0,Adrián González,Spain
160,0,1,0,3,0,945.0,11,0.0,0.09523809523809525,0.0,0.2857142857142857,0,Juan Carlos,Spain
161,0,0,0,2,0,1355.0,27,0.0,0.0,0.0,0.13284132841328414,0,Luis Hernández,Spain
162,2,0,0,3,0,953.0,14,0.1888772298006296,0.0,0.0,0.2833158447009444,0,Juanpi,Venezuela (Bolivarian Republic)
163,0,0,0,1,0,123.0,1,0.0,0.0,0.0,0.7317073170731708,0,Pablo Maffeo,Spain
164,12,2,0,2,0,2211.0,24,0.4884667571234735,0.0814111261872456,0.0,0.0814111261872456,0,Borja Bastón,Spain
165,0,2,0,6,0,1223.0,26,0.0,0.1471790678659035,0.0,0.44153720359771054,0,Roberto Rosales,Venezuela (Bolivarian Republic)
166,0,0,0,2,0,135.0,3,0.0,0.0,0.0,1.3333333333333335,0,Juanpe,Spain
167,1,0,0,4,0,703.0,13,0.12802275960170698,0.0,0.0,0.5120910384068279,0,Bernardo Espinosa,Colombia
168,0,0,0,2,0,1980.0,44,0.0,0.0,0.0,0.09090909090909091,0,Gorka Iraizoz,Spain
169,0,1,0,1,0,158.0,2,0.0,0.569620253164557,0.0,0.569620253164557,0,Aday Benítez,Spain
170,0,1,0,11,0,1470.0,23,0.0,0.061224489795918366,0.0,0.673469387755102,0,Recio,Spain
171,4,5,0,4,0,2479.0,29,0.14521984671238403,0.18152480839048002,0.0,0.14521984671238403,0,Jony,Spain
172,0,1,0,1,0,406.0,4,0.0,0.22167487684729065,0.0,0.22167487684729065,0,Portu,Spain
173,1,1,0,1,0,213.0,3,0.4225352112676056,0.4225352112676056,0.0,0.4225352112676056,0,Carlos Soler,Spain
174,0,0,0,1,0,251.0,2,0.0,0.0,0.0,0.35856573705179284,0,Jeison Murillo,Colombia
175,0,0,0,1,0,153.0,2,0.0,0.0,0.0,0.5882352941176471,0,Toni Lato,Spain
176,0,0,0,1,0,492.0,12,0.0,0.0,0.0,0.1829268292682927,0,Rúben Vezo,Portugal
177,0,4,0,3,0,1536.0,30,0.0,0.234375,0.0,0.17578125,0,Martín Montoya,Spain
178,3,0,0,2,0,1419.0,16,0.19027484143763215,0.0,0.0,0.12684989429175475,0,Santi Mina,Spain
179,10,4,0,8,0,2608.0,33,0.3450920245398773,0.13803680981595093,0.0,0.27607361963190186,0,Dani Parejo,Spain
180,0,1,0,5,0,999.0,20,0.0,0.09009009009009009,0.0,0.45045045045045046,0,José Gayá,Spain
181,0,0,0,2,0,90.0,2,0.0,0.0,0.0,2.0,0,Unai Bustinza,Spain
182,1,2,0,13,0,1786.0,20,0.05039193729003359,0.10078387458006718,0.0,0.6550951847704367,0,Rubén Pérez,Spain
183,1,0,0,1,0,408.0,7,0.22058823529411764,0.0,0.0,0.22058823529411764,0,Claudio Beauvue,Guadeloupe
184,1,1,0,1,0,1394.0,13,0.06456241032998565,0.06456241032998565,0.0,0.06456241032998565,0,Miguel Ángel Guerrero,Spain
185,0,0,0,1,0,213.0,3,0.0,0.0,0.0,0.4225352112676056,0,Dimitrios Siovas,Greece
186,0,0,0,1,0,544.0,9,0.0,0.0,0.0,0.16544117647058823,0,Joseba Zaldúa,Spain
187,1,0,0,2,0,872.0,10,0.10321100917431193,0.0,0.0,0.20642201834862386,0,Javi Eraso,Spain
188,2,1,0,3,0,1473.0,19,0.12219959266802444,0.06109979633401222,0.0,0.18329938900203666,0,Nabil El Zhar,Morocco
189,0,4,0,1,0,2155.0,26,0.0,0.16705336426914152,0.0,0.04176334106728538,0,Denis Suárez,Spain
190,0,1,0,3,0,1260.0,28,0.0,0.07142857142857142,0.0,0.2142857142857143,0,Pichu,Spain
191,0,1,0,4,0,881.0,15,0.0,0.1021566401816118,0.0,0.4086265607264472,0,Rubén Duarte,Spain
192,1,0,0,10,0,1401.0,25,0.06423982869379015,0.0,0.0,0.6423982869379015,0,Alexis Ruano,Spain
193,3,2,0,0,0,1261.0,14,0.2141157811260904,0.14274385408406026,0.0,0.0,0,Munir El Haddadi,Morocco
194,2,0,0,1,0,383.0,6,0.4699738903394256,0.0,0.0,0.2349869451697128,0,Ibai Gómez,Spain
195,0,0,0,1,0,135.0,1,0.0,0.0,0.0,0.6666666666666667,0,Vitorino Antunes,Portugal
196,0,1,0,1,0,1006.0,14,0.0,0.08946322067594432,0.0,0.08946322067594432,0,Tomás Pina,Spain
197,1,2,0,1,0,677.0,10,0.1329394387001477,0.2658788774002954,0.0,0.1329394387001477,0,Burgui,Spain
198,0,0,0,5,0,422.0,6,0.0,0.0,0.0,1.066350710900474,0,Mubarak Wakaso,Ghana
199,0,2,0,6,0,1140.0,24,0.0,0.15789473684210525,0.0,0.47368421052631576,0,Damián Suárez,Uruguay
200,1,2,0,2,0,1474.0,19,0.061058344640434185,0.12211668928086837,0.0,0.12211668928086837,0,Jorge Molina,Spain
201,1,0,0,3,0,723.0,12,0.12448132780082988,0.0,0.0,0.37344398340248963,0,Markel Bergara,Spain
202,0,0,0,1,0,135.0,3,0.0,0.0,0.0,0.6666666666666667,0,Djene Dakonam,Togo
203,0,0,0,1,0,160.0,2,0.0,0.0,0.0,0.5625,0,Rodrigo Ely,Brazil
204,0,0,0,1,0,135.0,3,0.0,0.0,0.0,0.6666666666666667,0,Riza Durmisi,Denmark
205,0,0,0,8,0,1035.0,22,0.0,0.0,0.0,0.6956521739130435,0,Zouhair Feddal,Morocco
206,0,0,0,2,0,376.0,7,0.0,0.0,0.0,0.4787234042553191,0,Aïssa Mandi,Algeria
207,0,1,0,6,0,2263.0,33,0.0,0.039770216526734424,0.0,0.23862129916040656,0,De Marcos,Spain
208,1,3,0,2,0,2572.0,27,0.034992223950233284,0.10497667185069985,0.0,0.06998444790046657,0,Joaquín,Spain
209,0,0,0,2,0,323.0,4,0.0,0.0,0.0,0.5572755417956656,0,Jordi Amat,Spain
210,0,0,0,5,0,1502.0,32,0.0,0.0,0.0,0.2996005326231691,0,Antonio Adán,Spain
211,0,1,0,0,0,609.0,7,0.0,0.14778325123152708,0.0,0.0,0,Fabián Ruiz,Spain
212,2,1,0,1,0,952.0,10,0.18907563025210083,0.09453781512605042,0.0,0.09453781512605042,0,Mikel Rico,Spain
213,6,3,0,0,0,914.0,16,0.5908096280087527,0.29540481400437635,0.0,0.0,0,Cristian Tello,Spain
214,2,1,0,0,0,1278.0,19,0.14084507042253522,0.07042253521126761,0.0,0.0,0,Víctor Camarasa,Spain
215,0,0,0,7,0,1357.0,18,0.0,0.0,0.0,0.46425939572586583,0,Antonio Barragán,Spain
216,0,0,0,7,0,1456.0,31,0.0,0.0,0.0,0.4326923076923077,0,Íñigo Martínez,Spain
217,4,0,0,0,0,943.0,10,0.3817603393425239,0.0,0.0,0.0,0,Sabin Merino,Spain
218,0,0,0,1,0,284.0,3,0.0,0.0,0.0,0.31690140845070425,0,Mikel Vesga,Spain
219,8,4,0,3,0,2283.0,23,0.31537450722733246,0.15768725361366623,0.0,0.11826544021024968,0,José Luis Morales,Spain
220,2,3,0,1,0,1064.0,11,0.16917293233082706,0.2537593984962406,0.0,0.08458646616541353,0,David Zurutuza,Spain
221,1,2,0,9,0,1492.0,21,0.06032171581769437,0.12064343163538874,0.0,0.5428954423592492,0,Asier Illarramendi,Spain
222,0,2,0,4,0,1241.0,21,0.0,0.145044319097502,0.0,0.290088638195004,0,Coke,Spain
223,1,0,0,3,0,1387.0,13,0.06488824801730353,0.0,0.0,0.1946647440519106,0,Sergio Canales,Spain
224,0,0,0,2,0,630.0,13,0.0,0.0,0.0,0.2857142857142857,0,Alberto de la Bella,Spain
225,0,0,0,1,0,725.0,11,0.0,0.0,0.0,0.12413793103448274,0,Antonio Luna,Spain
226,0,0,0,1,0,217.0,3,0.0,0.0,0.0,0.4147465437788018,0,Igor Zubeldía,Spain
227,11,1,0,1,0,993.0,13,0.9969788519637462,0.09063444108761329,0.0,0.09063444108761329,0,Imanol Agirretxe,Spain
228,0,0,0,1,0,118.0,1,0.0,0.0,0.0,0.7627118644067796,0,Emmanuel Boateng,Ghana
229,2,0,0,7,0,1881.0,26,0.09569377990430623,0.0,0.0,0.33492822966507174,0,Aritz Elustondo,Spain
230,5,4,0,7,0,2068.0,22,0.21760154738878146,0.17408123791102514,0.0,0.30464216634429403,0,Rubén Rochina,Spain
231,0,0,0,1,0,249.0,4,0.0,0.0,0.0,0.36144578313253006,0,Sergio Postigo,Spain
232,0,1,0,1,0,900.0,9,0.0,0.1,0.0,0.1,0,Roger Martí,Spain
233,2,0,0,0,0,1163.0,12,0.15477214101461736,0.0,0.0,0.0,0,Mikel Oyarzabal,Spain
234,1,1,0,0,0,351.0,3,0.25641025641025644,0.25641025641025644,0.0,0.0,0,José Campaña,Spain
235,3,4,0,3,0,2577.0,30,0.10477299185098952,0.13969732246798602,0.0,0.10477299185098952,0,Xabi Prieto,Spain
236,0,0,0,1,0,370.0,3,0.0,0.0,0.0,0.24324324324324326,0,Jason,Spain
237,0,0,0,1,0,225.0,5,0.0,0.0,0.0,0.4,0,Oier Olazábal,Spain
238,0,0,0,1,0,225.0,5,0.0,0.0,0.0,0.4,0,Raúl Navas,Spain
239,0,0,0,6,0,1534.0,33,0.0,0.0,0.0,0.3520208604954368,0,Gero Rulli,Argentina
240,1,0,0,0,0,303.0,4,0.297029702970297,0.0,0.0,0.0,0,Juanmi,Spain
241,0,0,0,4,0,1385.0,17,0.0,0.0,0.0,0.259927797833935,0,Dani Ceballos,Spain
242,2,3,0,9,0,1159.0,21,0.1553062985332183,0.2329594477998274,0.0,0.6988783433994823,0,Ander Capa,Spain
243,8,8,0,3,0,2096.0,24,0.34351145038167935,0.34351145038167935,0.0,0.12881679389312978,0,Sergi Enrich,Spain
244,0,0,0,4,0,833.0,11,0.0,0.0,0.0,0.432172869147659,0,Joan Jordán,Spain
245,0,0,0,3,0,952.0,22,0.0,0.0,0.0,0.28361344537815125,0,David Lombán,Spain
246,0,0,0,2,0,321.0,6,0.0,0.0,0.0,0.5607476635514018,0,Cote,Spain
247,0,0,0,1,0,443.0,8,0.0,0.0,0.0,0.20316027088036115,0,Kiko Casilla,Spain
248,10,2,0,9,0,2057.0,30,0.4375303840544482,0.08750607681088964,0.0,0.39377734564900346,0,Charles,Brazil
249,0,0,0,2,0,751.0,13,0.0,0.0,0.0,0.2396804260985353,0,Anaitz Arbilla,Spain
250,0,1,0,1,0,202.0,3,0.0,0.44554455445544555,0.0,0.44554455445544555,0,Rubén Peña,Spain
251,2,1,0,12,0,1789.0,24,0.10061486864169927,0.05030743432084964,0.0,0.6036892118501956,0,Gonzalo Escalante,Argentina
252,1,0,0,6,0,1581.0,24,0.05692599620493359,0.0,0.0,0.3415559772296015,0,Diego Llorente,Spain
253,1,0,0,0,0,45.0,1,2.0,0.0,0.0,0.0,2,Guido Pizarro,Argentina
254,1,0,0,1,0,976.0,16,0.09221311475409837,0.0,0.0,0.09221311475409837,0,Sergio Escudero,Spain
255,1,0,0,1,0,256.0,3,0.3515625,0.0,0.0,0.3515625,0,Franco Vázquez,Argentina
256,6,6,0,7,0,2081.0,23,0.25949062950504564,0.25949062950504564,0.0,0.3027390677558866,0,Pablo Sarabia,Spain
257,8,2,0,3,0,1386.0,21,0.5194805194805194,0.12987012987012986,0.0,0.19480519480519481,0,Willian José,Brazil
258,0,2,0,0,0,90.0,2,0.0,2.0,0.0,0.0,0,Wissam Ben Yedder,France
259,7,6,0,5,0,1588.0,24,0.3967254408060453,0.34005037783375314,0.0,0.28337531486146095,0,Nolito,Spain
260,0,0,0,1,0,363.0,6,0.0,0.0,0.0,0.24793388429752067,0,Zakaria Bakkali,Belgium
261,2,0,0,5,0,675.0,15,0.26666666666666666,0.0,0.0,0.6666666666666667,0,Raúl Albentosa,Spain
262,2,2,0,1,0,931.0,13,0.19334049409237378,0.19334049409237378,0.0,0.09667024704618689,0,Fede Cartabia,Argentina
263,0,0,0,3,0,720.0,16,0.0,0.0,0.0,0.375,0,Rubén Martínez,Spain
264,14,6,0,2,0,2651.0,32,0.4752923425122595,0.2036967182195398,0.0,0.06789890607317993,0,Lucas Pérez,Spain
265,0,1,0,7,0,1851.0,26,0.0,0.04862236628849271,0.0,0.34035656401944897,0,Pedro Mosquera,Spain
266,0,0,0,2,0,448.0,9,0.0,0.0,0.0,0.40178571428571425,0,Luisinho,Portugal
267,3,2,0,0,0,988.0,10,0.2732793522267207,0.18218623481781376,0.0,0.0,0,Adrián López,Spain
268,2,0,0,5,0,929.0,11,0.193756727664155,0.0,0.0,0.48439181916038754,0,Álvaro Medrán,Spain
269,0,0,0,1,0,311.0,5,0.0,0.0,0.0,0.28938906752411575,0,Alfonso Pedraza,Spain
270,1,0,0,2,0,1602.0,23,0.056179775280898875,0.0,0.0,0.11235955056179775,0,Juanfran,Spain
271,4,1,0,2,0,1540.0,16,0.23376623376623376,0.05844155844155844,0.0,0.11688311688311688,0,Chory Castro,Uruguay
272,1,3,0,3,0,1448.0,17,0.06215469613259668,0.18646408839779005,0.0,0.18646408839779005,0,Keko,Spain
273,1,0,0,0,0,932.0,11,0.09656652360515021,0.0,0.0,0.0,0,Luciano Vietto,Argentina
274,0,0,0,6,0,1579.0,27,0.0,0.0,0.0,0.3419886003799873,0,Mehdi Lacen,Algeria
275,0,0,0,2,0,270.0,6,0.0,0.0,0.0,0.6666666666666667,0,Gabriel Paulista,Brazil
276,0,0,0,7,0,1602.0,21,0.0,0.0,0.0,0.39325842696629215,0,Javi Fuego,Spain
277,1,0,0,10,0,1306.0,30,0.06891271056661562,0.0,0.0,0.6891271056661562,0,Víctor Ruíz,Spain
278,1,0,0,1,0,225.0,5,0.4,0.0,0.0,0.4,0,David López,Spain
279,0,0,0,1,0,495.0,11,0.0,0.0,0.0,0.18181818181818182,0,Sergio Asenjo,Spain
280,0,0,0,1,0,120.0,1,0.0,0.0,0.0,0.75,0,Marc Navarro,Spain
281,1,3,0,12,0,2030.0,25,0.04433497536945812,0.1330049261083744,0.0,0.5320197044334976,0,Víctor Sánchez,Spain
282,0,0,0,2,0,237.0,2,0.0,0.0,0.0,0.7594936708860759,0,Enes Ünal,Turkey
283,1,1,0,1,0,1145.0,11,0.07860262008733625,0.07860262008733625,0.0,0.07860262008733625,0,Léo Baptistão,Brazil
284,0,1,0,11,0,1578.0,33,0.0,0.05703422053231939,0.0,0.6273764258555133,0,Álvaro González,Spain
285,0,1,0,2,0,978.0,12,0.0,0.09202453987730062,0.0,0.18404907975460125,0,Pablo Piatti,Argentina
286,0,1,0,0,0,617.0,9,0.0,0.1458670988654781,0.0,0.0,0,Pablo Fornals,Spain
287,6,4,0,4,1,1736.0,24,0.3110599078341014,0.2073732718894009,0.0,0.25921658986175117,0,Gerard Moreno,Spain
288,1,2,0,0,0,347.0,5,0.25936599423631124,0.5187319884726225,0.0,0.0,0,Sergio García,Spain
289,0,0,0,1,0,90.0,2,0.0,0.0,0.0,1.0,0,Naldo,Brazil
290,0,0,0,5,0,524.0,9,0.0,0.0,0.0,0.8587786259541985,0,Esteban Granero,Spain
291,2,1,0,4,0,2021.0,24,0.08906481939633845,0.044532409698169226,0.0,0.1781296387926769,0,Manu Trigueros,Spain
292,1,1,0,6,0,1647.0,35,0.054644808743169404,0.054644808743169404,0.0,0.32786885245901637,0,Mario Gaspar,Spain
293,1,0,0,0,0,238.0,3,0.37815126050420167,0.0,0.0,0.0,0,Federico Valverde,Uruguay
294,0,0,0,13,0,2055.0,29,0.0,0.0,0.0,0.5693430656934306,0,Dani García,Spain
295,0,3,0,5,0,1133.0,18,0.0,0.23830538393645193,0.0,0.39717563989408644,0,David Juncà,Spain
296,0,0,0,2,0,1273.0,26,0.0,0.0,0.0,0.14139827179890024,0,Sidnei,Brazil
297,0,0,0,7,0,967.0,17,0.0,0.0,0.0,0.6514994829369183,0,Iván Ramis,Spain
298,0,0,0,1,0,106.0,1,0.0,0.0,0.0,0.8490566037735848,0,Enis Bardhi,"Macedonia, Republic of"
299,1,0,0,1,0,477.0,7,0.18867924528301888,0.0,0.0,0.18867924528301888,0,Samu,Spain
300,0,2,0,5,0,1005.0,19,0.0,0.1791044776119403,0.0,0.44776119402985076,0,Toño,Spain
301,0,0,0,1,0,135.0,3,0.0,0.0,0.0,0.6666666666666667,0,Yassine Bounou,Morocco
302,1,0,0,6,0,841.0,19,0.1070154577883472,0.0,0.0,0.6420927467300832,0,Pedro López,Spain
303,0,1,0,4,0,1266.0,22,0.0,0.07109004739336493,0.0,0.2843601895734597,0,Xabier Etxeita,Spain
304,0,1,0,5,0,1616.0,31,0.0,0.055693069306930694,0.0,0.2784653465346535,0,Mikel Balenziaga,Spain
305,0,1,0,7,0,1284.0,21,0.0,0.07009345794392523,0.0,0.49065420560747663,0,Javi López,Spain
306,0,0,0,3,0,1125.0,25,0.0,0.0,0.0,0.24,0,Pau López,Spain
307,0,0,0,10,1,1528.0,30,0.0,0.0,0.0,0.6479057591623036,0,Gustavo Cabral,Argentina
308,0,0,0,2,0,380.0,7,0.0,0.0,0.0,0.47368421052631576,0,Rubén Blanco,Spain
309,1,0,0,1,0,762.0,12,0.11811023622047244,0.0,0.0,0.11811023622047244,0,Nemanja Radoja,Serbia
310,2,2,0,4,0,2300.0,27,0.0782608695652174,0.0782608695652174,0.0,0.1565217391304348,0,Daniel Wass,Denmark
311,1,2,0,9,0,1863.0,20,0.04830917874396135,0.0966183574879227,0.0,0.43478260869565216,0,Pablo Hernández,Chile
312,2,1,0,5,0,1485.0,25,0.12121212121212122,0.06060606060606061,0.0,0.30303030303030304,0,Jonny Castro,Spain
313,0,1,0,4,0,1041.0,20,0.0,0.08645533141210375,0.0,0.345821325648415,0,Sergi Gómez,Spain
314,1,3,0,7,0,1584.0,31,0.05681818181818182,0.17045454545454547,0.0,0.3977272727272727,0,Hugo Mallo,Spain
315,0,0,0,1,0,150.0,2,0.0,0.0,0.0,0.6000000000000001,0,Rober,Spain
316,1,0,0,0,0,116.0,2,0.7758620689655172,0.0,0.0,0.0,0,José Arnáiz,Spain
317,2,0,0,1,0,763.0,10,0.23591087811271297,0.0,0.0,0.11795543905635648,0,Jesús Navas,Spain
318,0,1,0,0,0,161.0,2,0.0,0.5590062111801242,0.0,0.0,0,Joaquín Correa,Argentina
319,0,0,0,1,0,1170.0,26,0.0,0.0,0.0,0.07692307692307693,0,Sergio Rico,Spain
320,0,1,0,6,0,608.0,12,0.0,0.14802631578947367,0.0,0.888157894736842,0,Daniel Carriço,Portugal
321,4,1,0,17,0,3866.0,66,0.09311950336264874,0.023279875840662184,0.0,0.3957578892912571,0,Clément Lenglet,France
322,0,0,0,2,0,443.0,7,0.0,0.0,0.0,0.4063205417607223,0,Daniele Bonera,Italy
323,1,1,0,6,0,638.0,14,0.14106583072100312,0.14106583072100312,0.0,0.8463949843260189,0,Jaume Costa,Spain
324,0,0,0,2,0,1415.0,18,0.0,0.0,0.0,0.127208480565371,0,Samu Castillejo,Spain
325,19,5,0,4,0,2806.0,37,0.609408410548824,0.1603706343549537,0.0,0.12829650748396293,0,Rubén Castro,Spain
326,0,1,0,4,0,963.0,20,0.0,0.09345794392523364,0.0,0.37383177570093457,0,Mauro dos Santos,Argentina
327,7,1,0,6,0,1465.0,21,0.4300341296928327,0.06143344709897611,0.0,0.36860068259385664,0,Hernán Pérez,Paraguay
328,1,3,0,4,0,1638.0,19,0.054945054945054944,0.16483516483516483,0.0,0.21978021978021978,0,Vitolo,Spain
329,3,0,0,2,0,1148.0,15,0.23519163763066203,0.0,0.0,0.156794425087108,0,Iker Muniain,Spain
330,1,0,0,2,0,225.0,5,0.4,0.0,0.0,0.8,0,Federico Ricca,Uruguay
331,0,0,0,1,0,4.0,1,0.0,0.0,0.0,22.5,0,Andreas Pereira,Brazil
332,4,0,0,3,0,1258.0,13,0.2861685214626391,0.0,0.0,0.2146263910969793,0,Adalberto Peñaranda,Venezuela (Bolivarian Republic)
333,0,2,0,4,0,1238.0,17,0.0,0.14539579967689822,0.0,0.29079159935379645,0,Lucas Digne,France
334,4,1,0,3,0,1734.0,20,0.20761245674740486,0.051903114186851215,0.0,0.15570934256055363,0,Jozabed Sánchez,Spain
335,0,0,0,1,0,45.0,1,0.0,0.0,0.0,2.0,0,Guillermo Maripán,Chile
336,1,0,0,5,0,977.0,14,0.09211873080859775,0.0,0.0,0.4605936540429888,0,Carlos Vigaray,Spain
337,1,0,0,1,0,126.0,1,0.7142857142857142,0.0,0.0,0.7142857142857142,0,Nicola Sansone,Italy
338,1,0,0,8,1,452.0,11,0.19911504424778761,0.0,0.0,1.7920353982300885,0,Juan Cala,Spain
339,5,1,0,2,0,1383.0,15,0.32537960954446854,0.0650759219088937,0.0,0.1301518438177874,0,Cédric Bakambu,"Congo, (Kinshasa)"
340,0,0,0,4,0,744.0,12,0.0,0.0,0.0,0.4838709677419355,0,Francisco Molinero,Spain
341,1,0,0,10,0,1896.0,23,0.04746835443037974,0.0,0.0,0.47468354430379744,0,Pape Diop,Senegal
342,1,0,0,10,0,1528.0,28,0.05890052356020943,0.0,0.0,0.5890052356020943,0,Alejandro Arribas,Spain
343,0,0,0,8,0,1224.0,22,0.0,0.0,0.0,0.5882352941176471,0,Bruno González,Spain
344,0,0,0,4,0,634.0,8,0.0,0.0,0.0,0.5678233438485805,0,Francisco Portillo,Spain
345,0,0,0,2,0,271.0,4,0.0,0.0,0.0,0.6642066420664207,0,Yeray Álvarez,Spain
346,0,1,0,3,0,818.0,14,0.0,0.1100244498777506,0.0,0.33007334963325186,0,Miguel Torres,Spain
347,1,0,0,0,0,215.0,2,0.41860465116279066,0.0,0.0,0.0,0,Alberto Bueno,Spain
348,9,1,0,3,0,1757.0,22,0.46101309049516226,0.051223676721684694,0.0,0.15367103016505407,0,Antonio Sanabria,Paraguay
349,0,0,0,1,0,1215.0,27,0.0,0.0,0.0,0.07407407407407407,0,Sergio Álvarez,Spain
350,1,1,0,1,0,541.0,9,0.16635859519408502,0.16635859519408502,0.0,0.16635859519408502,0,Andreu Fontàs,Spain
351,1,0,0,2,0,489.0,9,0.18404907975460125,0.0,0.0,0.3680981595092025,0,Ezequiel Garay,Argentina
352,0,1,0,2,0,180.0,4,0.0,0.5,0.0,1.0,0,Pau Torres,Spain
353,0,2,0,2,0,1255.0,18,0.0,0.14342629482071714,0.0,0.14342629482071714,0,Rubén Pardo,Spain
354,0,0,0,1,0,103.0,2,0.0,0.0,0.0,0.8737864077669902,0,Jon Bautista,Spain
355,2,3,0,1,0,1716.0,20,0.1048951048951049,0.15734265734265734,0.0,0.05244755244755245,0,Pedro León,Spain
356,0,2,0,5,0,1635.0,29,0.0,0.11009174311926605,0.0,0.27522935779816515,0,Fernando Navarro,Spain
357,1,2,0,6,0,1553.0,24,0.05795235028976175,0.1159047005795235,0.0,0.34771410173857054,0,Tito,Spain
358,4,1,0,7,0,1598.0,19,0.22528160200250313,0.056320400500625784,0.0,0.39424280350438046,0,Isaac Success,Nigeria
359,0,0,0,1,0,130.0,1,0.0,0.0,0.0,0.6923076923076923,0,Matías Aguirregaray,Uruguay
360,0,0,0,1,0,130.0,3,0.0,0.0,0.0,0.6923076923076923,0,Ximo Navarro,Spain
361,0,0,0,2,0,266.0,5,0.0,0.0,0.0,0.6766917293233082,0,Alejandro Gálvez,Spain
362,3,3,0,5,0,1727.0,21,0.1563404748118124,0.1563404748118124,0.0,0.26056745801968734,0,Alen Halilović,Croatia
363,2,1,0,1,0,643.0,12,0.27993779160186627,0.13996889580093314,0.0,0.13996889580093314,0,David García,Spain
364,5,1,0,0,0,2041.0,18,0.22048015678588925,0.04409603135717785,0.0,0.0,0,Tana,Spain
365,1,1,0,3,0,1065.0,16,0.08450704225352113,0.08450704225352113,0.0,0.2535211267605634,0,Vicente Gómez,Spain
366,0,0,0,4,0,1070.0,18,0.0,0.0,0.0,0.33644859813084116,0,Dani Castellano,Spain
367,0,3,0,2,0,1275.0,13,0.0,0.2117647058823529,0.0,0.1411764705882353,0,Momo,Spain
368,0,0,0,1,0,228.0,6,0.0,0.0,0.0,0.39473684210526316,0,Adrián Marín,Spain
369,0,0,0,1,0,221.0,2,0.0,0.0,0.0,0.40723981900452494,0,Borja Valero,Spain
370,4,3,0,3,0,1933.0,21,0.18623900672529747,0.1396792550439731,0.0,0.1396792550439731,0,Rafinha,Brazil
371,1,3,0,4,0,1406.0,21,0.06401137980085349,0.19203413940256048,0.0,0.25604551920341395,0,João Cancelo,Portugal
372,0,1,0,0,0,320.0,4,0.0,0.28125,0.0,0.0,0,José Callejón,Spain
373,0,0,0,4,0,543.0,7,0.0,0.0,0.0,0.6629834254143646,0,Raúl Albiol,Spain
374,1,0,0,1,0,679.0,12,0.1325478645066274,0.0,0.0,0.1325478645066274,0,Mateo Musacchio,Argentina
375,0,0,0,1,0,106.0,1,0.0,0.0,0.0,0.8490566037735848,0,Marko Rog,Croatia
376,1,2,0,2,0,1626.0,30,0.055350553505535055,0.11070110701107011,0.0,0.11070110701107011,0,Marc Bartra,Spain
377,0,0,0,2,0,90.0,2,0.0,0.0,0.0,2.0,0,Mathías Olivera,Uruguay
378,4,7,0,10,2,2817.0,31,0.12779552715654952,0.22364217252396168,0.0,0.3833865814696486,0,Fabián Orellana,Chile
379,0,0,0,1,0,90.0,1,0.0,0.0,0.0,1.0,0,Khouma Babacar,Senegal
380,3,3,0,1,0,1253.0,13,0.2154828411811652,0.2154828411811652,0.0,0.07182761372705507,0,Giuseppe Rossi,Italy
381,0,1,0,4,0,937.0,14,0.0,0.096051227321238,0.0,0.384204909284952,0,Sebastián Cristóforo,Uruguay
382,0,1,0,5,0,1295.0,20,0.0,0.0694980694980695,0.0,0.3474903474903475,0,Cristiano Biraghi,Italy
383,2,1,0,6,0,603.0,12,0.2985074626865672,0.1492537313432836,0.0,0.8955223880597015,0,Germán Pezzella,Argentina
384,0,1,0,3,0,833.0,13,0.0,0.10804321728691475,0.0,0.3241296518607443,0,Carles Planas,Spain
385,0,0,0,3,0,380.0,7,0.0,0.0,0.0,0.7105263157894737,0,Mauricio Lemos,Uruguay
386,0,0,0,1,0,126.0,1,0.0,0.0,0.0,0.7142857142857142,0,Franco Zuculini,Argentina
387,7,0,0,4,0,2240.0,28,0.28125,0.0,0.0,0.1607142857142857,0,Felipe Caicedo,Ecuador
388,6,4,0,3,0,2254.0,24,0.2395740905057675,0.15971606033717836,0.0,0.11978704525288375,0,Luis Alberto,Spain
389,1,0,0,0,0,336.0,3,0.26785714285714285,0.0,0.0,0.0,0,Ciro Immobile,Italy
390,0,0,0,3,0,399.0,5,0.0,0.0,0.0,0.6766917293233082,0,Rodrigo De Paul,Argentina
391,3,3,0,2,0,1598.0,21,0.16896120150187735,0.16896120150187735,0.0,0.11264080100125157,0,Bebé,Cape Verde
392,0,1,0,5,0,905.0,16,0.0,0.0994475138121547,0.0,0.49723756906077343,0,David Simón,Spain
393,4,0,0,4,0,1171.0,23,0.3074295473953886,0.0,0.0,0.3074295473953886,0,Pedro Bigas,Spain
394,0,0,0,2,0,240.0,6,0.0,0.0,0.0,0.75,0,Nicolás Pareja,Argentina
395,1,0,0,0,0,122.0,2,0.7377049180327869,0.0,0.0,0.0,0,Loren Morón,Spain
396,0,0,0,1,0,238.0,4,0.0,0.0,0.0,0.37815126050420167,0,Marco Andreolli,Italy
397,0,0,0,1,0,102.0,1,0.0,0.0,0.0,0.8823529411764706,0,Maximilian Wöber,Austria
398,3,3,0,5,0,3891.0,43,0.06939090208172706,0.06939090208172706,0.0,0.1156515034695451,0,Frenkie de Jong,Netherlands
399,5,3,0,4,0,1115.0,17,0.40358744394618834,0.242152466367713,0.0,0.32286995515695066,0,Sergio Araujo,Argentina
400,7,4,0,7,0,2039.0,28,0.30897498773908777,0.17655713585090732,0.0,0.30897498773908777,0,Arturo Vidal,Chile
401,1,0,0,0,0,106.0,1,0.8490566037735848,0.0,0.0,0.0,0,Arjen Robben,Netherlands
402,2,0,0,8,1,930.0,18,0.1935483870967742,0.0,0.0,0.8709677419354839,0,Ignacio Camacho,Spain
403,6,3,0,3,0,2250.0,23,0.24,0.12,0.0,0.12,0,Duje Čop,Croatia
404,0,1,0,10,0,1485.0,25,0.0,0.06060606060606061,0.0,0.6060606060606061,0,Aythami Artiles,Spain
405,1,0,0,0,0,1196.0,15,0.07525083612040134,0.0,0.0,0.0,0,Bruma,Portugal
406,2,2,0,4,0,926.0,18,0.19438444924406048,0.19438444924406048,0.0,0.38876889848812096,0,Yevgen Konoplyanka,Ukraine
407,1,0,0,1,0,45.0,1,2.0,0.0,0.0,2.0,2,Pablo de Blasis,Argentina
408,3,0,0,4,0,881.0,16,0.3064699205448354,0.0,0.0,0.4086265607264472,0,Jonathas,Brazil
409,0,1,0,0,0,161.0,2,0.0,0.5590062111801242,0.0,0.0,0,Jonathan de Guzmán,Netherlands
410,0,0,0,5,0,1488.0,31,0.0,0.0,0.0,0.3024193548387097,0,Andrés Fernández,Spain
411,0,1,0,2,0,363.0,7,0.0,0.24793388429752067,0.0,0.49586776859504134,0,Carlos Martínez,Spain
412,0,0,0,1,0,217.0,5,0.0,0.0,0.0,0.4147465437788018,0,Iván López,Spain
413,0,0,0,5,0,760.0,16,0.0,0.0,0.0,0.5921052631578947,0,Jorge Meré,Spain
414,0,0,0,1,0,45.0,1,0.0,0.0,0.0,2.0,0,Carlos Fernández,Spain
415,0,0,0,1,1,98.0,3,0.0,0.0,0.0,1.8367346938775508,0,Patrick Ebert,Germany
416,0,0,0,5,0,559.0,7,0.0,0.0,0.0,0.8050089445438282,0,Javi Martínez,Spain
417,0,0,0,1,0,413.0,7,0.0,0.0,0.0,0.2179176755447942,0,Jota Peleteiro,Spain
418,0,0,0,1,0,828.0,10,0.0,0.0,0.0,0.10869565217391304,0,Danilo Barbosa,Brazil
419,0,0,0,6,0,1012.0,20,0.0,0.0,0.0,0.533596837944664,0,Kolo,France
420,0,0,0,1,0,120.0,1,0.0,0.0,0.0,0.75,0,Jon Toral,Spain
421,3,3,0,4,0,2313.0,42,0.11673151750972763,0.11673151750972763,0.0,0.1556420233463035,0,Jérémy Mathieu,France
422,0,0,0,1,0,225.0,5,0.0,0.0,0.0,0.4,0,Răzvan Raț,Romania
423,8,7,0,3,0,1975.0,28,0.36455696202531646,0.3189873417721519,0.0,0.13670886075949368,0,Jonathan Viera,Spain
424,0,0,0,1,0,1215.0,27,0.0,0.0,0.0,0.07407407407407407,0,Asier Riesgo,Spain
425,4,2,0,6,0,3135.0,35,0.11483253588516747,0.05741626794258373,0.0,0.1722488038277512,0,André Gomes,Portugal
426,0,0,0,1,0,743.0,8,0.0,0.0,0.0,0.12113055181695828,0,Ricardo Horta,Portugal
427,0,0,0,2,0,368.0,5,0.0,0.0,0.0,0.4891304347826087,0,Diogo Figueiras,Portugal
428,0,3,0,4,0,1988.0,22,0.0,0.1358148893360161,0.0,0.18108651911468815,0,Arda Turan,Turkey
429,0,0,0,1,0,126.0,1,0.0,0.0,0.0,0.7142857142857142,0,Rúben Micael,Portugal
430,0,0,0,3,0,135.0,3,0.0,0.0,0.0,2.0,0,Felipe,Brazil
431,0,0,0,2,0,540.0,12,0.0,0.0,0.0,0.33333333333333337,0,Iker Casillas,Spain
432,3,3,0,1,0,1336.0,20,0.20209580838323352,0.20209580838323352,0.0,0.06736526946107785,0,Eiður Guðjohnsen,Iceland
433,0,0,0,1,0,276.0,3,0.0,0.0,0.0,0.32608695652173914,0,Borja Fernández,Spain
434,0,0,0,4,0,1194.0,19,0.0,0.0,0.0,0.30150753768844224,0,Nacho Martínez,Spain
435,0,0,0,1,0,171.0,2,0.0,0.0,0.0,0.5263157894736842,0,Míchel,Spain
436,0,0,0,1,0,270.0,6,0.0,0.0,0.0,0.33333333333333337,0,Jordi Masip,Spain
437,0,0,0,1,0,253.0,3,0.0,0.0,0.0,0.3557312252964427,0,Anuar Tuhami,Morocco
438,0,1,0,0,0,107.0,1,0.0,0.8411214953271028,0.0,0.0,0,Manu Morlanes,Spain
439,2,1,0,1,0,997.0,11,0.18054162487462388,0.09027081243731194,0.0,0.09027081243731194,0,Santi Cazorla,Spain
440,0,0,0,1,0,220.0,4,0.0,0.0,0.0,0.40909090909090906,0,Néstor Araujo,Mexico
441,0,0,0,1,0,182.0,2,0.0,0.0,0.0,0.4945054945054945,0,Fran Beltrán,Spain
442,1,0,0,0,0,234.0,2,0.38461538461538464,0.0,0.0,0.0,0,Borja Iglesias,Spain
443,1,0,0,2,0,1947.0,19,0.046224961479198766,0.0,0.0,0.09244992295839753,0,Arthur,Brazil
444,0,0,0,1,0,331.0,3,0.0,0.0,0.0,0.2719033232628399,0,Darwin Machís,Venezuela (Bolivarian Republic)
445,0,1,0,1,0,135.0,3,0.0,0.6666666666666667,0.0,0.6666666666666667,0,Moreno Lopera,Spain
446,0,2,0,3,0,1347.0,16,0.0,0.13363028953229397,0.0,0.20044543429844097,0,Adri Embarba,Spain
447,9,0,0,5,0,1628.0,21,0.4975429975429975,0.0,0.0,0.2764127764127764,0,Javi Guerra,Spain
448,0,0,0,1,0,503.0,6,0.0,0.0,0.0,0.17892644135188865,0,Chechu Dorado,Spain
449,1,1,0,2,0,160.0,2,0.5625,0.5625,0.0,1.125,0,Jaime Mata,Spain
450,0,0,0,1,0,125.0,1,0.0,0.0,0.0,0.72,0,Mario Pašalić,Croatia
451,0,0,0,4,0,752.0,13,0.0,0.0,0.0,0.4787234042553191,0,Cristiano Piccini,Italy
452,1,0,0,0,0,115.0,1,0.782608695652174,0.0,0.0,0.0,0,Cucho Hernández,Colombia
453,1,0,0,0,0,109.0,1,0.8256880733944955,0.0,0.0,0.0,0,Álex Gallar,Spain
454,0,0,0,1,0,45.0,1,0.0,0.0,0.0,2.0,0,Damián Musto,Argentina
455,0,2,0,2,0,963.0,13,0.0,0.18691588785046728,0.0,0.18691588785046728,0,Moi Gómez,Spain
456,0,1,0,0,0,164.0,2,0.0,0.5487804878048781,0.0,0.0,0,Jorge Miramón,Spain
457,0,0,0,1,0,143.0,2,0.0,0.0,0.0,0.6293706293706294,0,Unai López,Spain
458,0,0,0,2,0,379.0,7,0.0,0.0,0.0,0.47493403693931396,0,Emiliano Buendía,Argentina
459,0,0,0,1,0,561.0,8,0.0,0.0,0.0,0.16042780748663102,0,Óliver Torres,Spain
460,0,0,0,1,0,594.0,7,0.0,0.0,0.0,0.15151515151515152,0,Gorka Elustondo,Spain
461,0,0,0,1,0,265.0,3,0.0,0.0,0.0,0.33962264150943394,0,Haris Medunjanin,Bosnia and Herzegovina
462,0,0,0,1,0,90.0,2,0.0,0.0,0.0,1.0,0,Emiliano Insúa,Argentina
463,17,5,0,4,0,3412.0,43,0.44841735052754983,0.13188745603751464,0.0,0.10550996483001171,0,David Villa,Spain
464,2,1,0,6,0,879.0,15,0.20477815699658702,0.10238907849829351,0.0,0.6143344709897611,0,Sergio Álvarez,Spain
465,0,0,0,1,0,226.0,3,0.0,0.0,0.0,0.39823008849557523,0,Ivan Marcano,Spain
466,1,0,0,0,0,135.0,3,0.6666666666666667,0.0,0.0,0.0,0,Emilio Nsue,Equatorial Guinea
467,1,0,0,2,0,425.0,11,0.2117647058823529,0.0,0.0,0.4235294117647058,0,Carles Aleñà,Spain
468,0,1,0,2,0,1533.0,26,0.0,0.05870841487279843,0.0,0.11741682974559686,0,Lilian Thuram,France
469,24,9,0,2,0,3895.0,46,0.5545571245186136,0.20795892169448013,0.0,0.04621309370988447,0,Thierry Henry,France
470,0,0,0,1,0,397.0,8,0.0,0.0,0.0,0.22670025188916876,0,Juan Carlos Valerón,Spain
471,2,0,0,0,0,255.0,4,0.7058823529411764,0.0,0.0,0.0,0,Raúl,Spain
472,0,0,0,1,0,135.0,3,0.0,0.0,0.0,0.6666666666666667,0,Beto,Portugal
473,3,0,0,1,0,330.0,7,0.8181818181818181,0.0,0.0,0.2727272727272727,0,Henrik Larsson,Sweden
474,3,1,0,8,1,2043.0,32,0.13215859030837004,0.04405286343612335,0.0,0.39647577092511016,0,Gianluca Zambrotta,Italy
475,1,0,0,1,0,696.0,10,0.12931034482758622,0.0,0.0,0.12931034482758622,0,Hernán Santana,Spain
476,2,1,0,1,0,1965.0,21,0.0916030534351145,0.04580152671755725,0.0,0.04580152671755725,0,Víctor Rodríguez,Spain
477,0,1,0,1,0,103.0,3,0.0,0.8737864077669902,0.0,0.8737864077669902,0,Aras Özbiliz,Armenia
478,0,0,0,1,0,45.0,1,0.0,0.0,0.0,2.0,0,Raúl de Tomás,Spain
479,0,0,0,1,0,283.0,3,0.0,0.0,0.0,0.31802120141342755,0,Yangel Herrera,Venezuela (Bolivarian Republic)
480,0,0,0,2,0,179.0,4,0.0,0.0,0.0,1.005586592178771,0,Ognjen Vranješ,Bosnia and Herzegovina
481,1,0,0,0,0,386.0,4,0.23316062176165803,0.0,0.0,0.0,0,Samuel Chukwueze,Nigeria
482,0,0,0,1,0,242.0,4,0.0,0.0,0.0,0.371900826446281,0,Uche Agbo,Nigeria
483,2,0,0,8,0,1031.0,23,0.17458777885548013,0.0,0.0,0.6983511154219205,0,Enzo Roco,Chile
484,1,0,0,2,1,823.0,15,0.10935601458080194,0.0,0.0,0.32806804374240583,0,Diego Reyes,Mexico
485,0,0,0,1,0,618.0,12,0.0,0.0,0.0,0.14563106796116507,0,Mikel González,Spain
486,0,1,0,2,0,135.0,2,0.0,0.6666666666666667,0.0,1.3333333333333335,0,Roland Lamah,Belgium
487,0,0,0,1,0,166.0,2,0.0,0.0,0.0,0.5421686746987953,0,Sergi Guardiola,Spain
488,1,1,0,4,0,225.0,5,0.4,0.4,0.0,1.6,0,Emiliano Velázquez,Uruguay
489,0,0,0,1,0,353.0,4,0.0,0.0,0.0,0.254957507082153,0,Nikola Vukčević,Montenegro
490,1,1,0,4,0,567.0,13,0.15873015873015872,0.15873015873015872,0.0,0.6349206349206349,0,Junior Firpo,Spain
491,1,0,0,0,0,153.0,2,0.5882352941176471,0.0,0.0,0.0,0,Marc Cucurella,Spain
492,0,1,0,0,0,642.0,7,0.0,0.14018691588785046,0.0,0.0,0,Jackson Martínez,Colombia
493,0,0,0,1,0,90.0,1,0.0,0.0,0.0,1.0,0,Cosmin Contra,Romania
494,0,1,0,4,0,1347.0,23,0.0,0.06681514476614699,0.0,0.26726057906458794,0,Giovanni van Bronckhorst,Netherlands
495,0,0,0,1,0,90.0,2,0.0,0.0,0.0,1.0,0,Rodri Tarín,Spain
496,1,0,0,1,0,135.0,3,0.6666666666666667,0.0,0.0,0.6666666666666667,0,Vinícius Júnior,Brazil
497,0,0,0,3,0,712.0,13,0.0,0.0,0.0,0.3792134831460674,0,Omar Mascarell,Spain
498,0,0,0,4,0,653.0,9,0.0,0.0,0.0,0.5513016845329249,0,José Crespo,Spain
499,0,0,0,3,0,525.0,8,0.0,0.0,0.0,0.5142857142857142,0,José Alberto Cañas,Spain
500,0,0,0,2,0,375.0,7,0.0,0.0,0.0,0.48,0,Dmytro Chygrynskiy,Ukraine
501,0,0,0,2,0,162.0,2,0.0,0.0,0.0,1.1111111111111112,0,Sergio Reguilón,Spain
502,0,1,0,1,0,593.0,6,0.0,0.15177065767284992,0.0,0.15177065767284992,0,Robert Ibáñez,Spain
503,1,2,0,4,0,1394.0,19,0.06456241032998565,0.1291248206599713,0.0,0.2582496413199426,0,Sofiane Feghouli,Algeria
504,0,0,0,2,0,622.0,7,0.0,0.0,0.0,0.28938906752411575,0,Matías Nahuel,Spain
505,1,0,0,11,0,1156.0,20,0.07785467128027682,0.0,0.0,0.856401384083045,0,Nacho Cases,Spain
506,2,0,0,3,0,180.0,4,1.0,0.0,0.0,1.5,0,Diego Milito,Argentina
507,51,11,0,12,0,4695.0,58,0.9776357827476038,0.21086261980830673,0.0,0.23003194888178916,0,Samuel Eto'o,Cameroon
508,0,0,0,1,0,169.0,2,0.0,0.0,0.0,0.5325443786982248,0,David Trézéguet,France
509,0,0,0,1,0,45.0,1,0.0,0.0,0.0,2.0,0,Robert Pirès,France
510,0,0,0,1,0,126.0,1,0.0,0.0,0.0,0.7142857142857142,0,Lluis Sastre,Spain
511,0,0,0,2,0,756.0,9,0.0,0.0,0.0,0.23809523809523808,0,Fernando Tissone,Argentina
512,1,0,0,2,0,404.0,9,0.22277227722772278,0.0,0.0,0.44554455445544555,0,Ricardo Costa,Portugal
513,0,0,0,1,0,209.0,3,0.0,0.0,0.0,0.43062200956937796,0,Pedro Munitis,Spain
514,1,1,0,9,0,1437.0,17,0.06263048016701461,0.06263048016701461,0.0,0.5636743215031316,0,Augusto Fernández,Argentina
515,20,7,0,0,0,2853.0,33,0.6309148264984227,0.22082018927444796,0.0,0.0,0,Karim Benzema,France
516,3,0,0,2,0,177.0,3,1.5254237288135593,0.0,0.0,1.0169491525423728,2,Ruud van Nistelrooy,Netherlands
517,0,0,0,1,0,90.0,2,0.0,0.0,0.0,1.0,0,Tomáš Ujfaluši,Czech Republic
518,4,14,0,14,1,2911.0,42,0.12366884232222604,0.43284094812779117,0.0,0.4637581587083477,0,Deco,Portugal
519,0,0,0,1,0,85.0,2,0.0,0.0,0.0,1.0588235294117647,0,Maniche,Portugal
520,1,1,0,1,0,281.0,5,0.32028469750889677,0.32028469750889677,0.0,0.32028469750889677,0,Simão,Portugal
521,0,0,0,2,0,90.0,2,0.0,0.0,0.0,2.0,0,Giorgios Seitaridis,Greece
522,1,0,0,0,0,45.0,1,2.0,0.0,0.0,0.0,2,Angelos Basinas,Greece
523,2,0,0,0,0,98.0,3,1.8367346938775508,0.0,0.0,0.0,2,Hélder Postiga,Portugal
524,0,0,0,1,0,90.0,2,0.0,0.0,0.0,1.0,0,Christoph Metzelder,Germany
525,1,1,0,9,0,1419.0,25,0.06342494714587738,0.06342494714587738,0.0,0.5708245243128964,0,Pepe,Portugal
526,0,0,0,3,0,6570.0,146,0.0,0.0,0.0,0.0410958904109589,0,Marc-André ter Stegen,Germany
527,0,1,0,5,0,1177.0,18,0.0,0.07646559048428207,0.0,0.3823279524214104,0,Miguel Lopes,Portugal
528,0,1,0,0,0,278.0,5,0.0,0.32374100719424465,0.0,0.0,0,Miguel Monteiro,Portugal
529,9,3,0,19,0,8726.0,142,0.09282603713041486,0.030942012376804953,0.0,0.19596607838643137,0,Carles Puyol,Spain
530,0,0,0,1,0,180.0,4,0.0,0.0,0.0,0.5,0,Carlos Marchena,Spain
531,0,0,0,3,0,514.0,7,0.0,0.0,0.0,0.5252918287937743,0,David Albelda,Spain
532,28,56,0,12,0,15068.0,200,0.16724183700557474,0.3344836740111495,0.0,0.07167507300238916,0,Xavi,Spain
533,1,0,0,0,0,164.0,2,0.5487804878048781,0.0,0.0,0.0,0,Dani Güiza,Spain
534,0,0,0,4,0,225.0,5,0.0,0.0,0.0,1.6,0,Xabi Alonso,Spain
535,0,0,0,2,0,225.0,5,0.0,0.0,0.0,0.8,0,Joan Capdevila,Spain
536,2,0,0,2,0,348.0,4,0.5172413793103449,0.0,0.0,0.5172413793103449,0,Marcos Senna,Spain
537,0,1,0,1,0,135.0,3,0.0,0.6666666666666667,0.0,0.6666666666666667,0,João Pereira,Portugal
538,0,0,0,1,0,90.0,2,0.0,0.0,0.0,1.0,0,Christian Poulsen,Denmark
539,9,3,0,9,0,3694.0,56,0.21927449918787223,0.07309149972929074,0.0,0.21927449918787223,0,Seydou Kéita,Mali
540,0,0,0,17,1,9158.0,204,0.0,0.0,0.0,0.17689451845381088,0,Víctor Valdés,Spain
541,0,7,0,9,0,4538.0,75,0.0,0.1388276773909211,0.0,0.17849272807404143,0,Éric Abidal,France
542,0,0,0,4,0,481.0,8,0.0,0.0,0.0,0.7484407484407485,0,Álvaro Arbeloa,Spain
543,0,1,0,0,0,45.0,1,0.0,2.0,0.0,0.0,0,Khalid Boulahrouz,Netherlands
544,0,0,0,1,0,144.0,4,0.0,0.0,0.0,0.625,0,Juanito,Spain
545,1,0,0,0,0,45.0,1,2.0,0.0,0.0,0.0,2,Loukas Vyntra,Greece
546,2,1,0,1,0,1273.0,18,0.14139827179890024,0.07069913589945012,0.0,0.07069913589945012,0,Álvaro Negredo,Spain
547,0,0,0,1,0,102.0,1,0.0,0.0,0.0,0.8823529411764706,0,Stéphane Mbia,Cameroon
548,1,0,0,5,0,873.0,11,0.10309278350515465,0.0,0.0,0.5154639175257731,0,Tiago,Portugal
549,1,0,0,0,0,436.0,5,0.20642201834862386,0.0,0.0,0.0,0,Borja Mayoral,Spain
550,0,1,0,3,0,453.0,11,0.0,0.1986754966887417,0.0,0.5960264900662252,0,Mariano,Brazil
551,0,0,0,2,0,151.0,2,0.0,0.0,0.0,1.1920529801324504,0,Royston Drenthe,Netherlands
552,2,1,0,1,0,2163.0,21,0.08321775312066573,0.041608876560332866,0.0,0.041608876560332866,0,Sergiño Dest,United States of America
553,0,0,0,1,0,90.0,2,0.0,0.0,0.0,1.0,0,Joaquín Fernández,Spain
554,7,5,0,14,0,5250.0,80,0.12,0.08571428571428572,0.0,0.24,0,Adriano,Brazil
555,0,0,0,1,0,45.0,1,0.0,0.0,0.0,2.0,0,Adrià Pedrosa,Spain
556,1,0,0,1,0,17.0,3,5.294117647058823,0.0,0.0,5.294117647058823,2,Ander Barrenetxea,Spain
557,2,1,0,0,0,174.0,9,1.0344827586206897,0.5172413793103449,0.0,0.0,0,Francisco Trincão,Portugal
558,5,1,0,5,1,1191.0,23,0.3778337531486146,0.07556675062972291,0.0,0.4534005037783375,0,Bruno Soriano,Spain
559,1,1,0,1,0,1293.0,17,0.06960556844547564,0.06960556844547564,0.0,0.06960556844547564,0,Stefan Šćepović,Serbia
560,0,0,0,3,0,377.0,4,0.0,0.0,0.0,0.7161803713527851,0,Mario Suárez,Spain
561,0,1,0,1,0,90.0,2,0.0,1.0,0.0,1.0,0,Emerson Royal,Brazil
562,0,1,0,3,0,864.0,10,0.0,0.10416666666666666,0.0,0.3125,0,Lass Bangoura,Guinea
563,1,1,0,3,0,1177.0,14,0.07646559048428207,0.07646559048428207,0.0,0.22939677145284623,0,Théo Bongonda Mbul'Ofeko Batombo,"Congo, (Kinshasa)"
564,2,2,0,1,0,1021.0,12,0.1762977473065622,0.1762977473065622,0.0,0.0881488736532811,0,Víctor Casadesús,Spain
565,0,0,0,6,0,895.0,17,0.0,0.0,0.0,0.6033519553072626,0,Laure,Spain
566,1,0,0,0,0,312.0,3,0.28846153846153844,0.0,0.0,0.0,0,Juan Muñoz,Spain
567,1,0,0,0,0,195.0,3,0.46153846153846156,0.0,0.0,0.0,0,Jonathan Pereira,Spain
568,0,0,0,3,0,896.0,13,0.0,0.0,0.0,0.3013392857142857,0,Álex Bergantiños,Spain
569,0,2,0,5,0,1328.0,15,0.0,0.13554216867469882,0.0,0.338855421686747,0,José Antonio Reyes,Spain
570,0,0,0,3,0,559.0,5,0.0,0.0,0.0,0.4830053667262969,0,Pablo Pérez,Spain
571,0,0,0,1,0,945.0,21,0.0,0.0,0.0,0.09523809523809525,0,Diego Mariño,Spain
572,2,3,0,3,0,1462.0,15,0.12311901504787962,0.18467852257181944,0.0,0.18467852257181944,0,Carlos Carmona,Spain
573,0,0,0,1,0,461.0,5,0.0,0.0,0.0,0.19522776572668113,0,Luis García,Spain
574,0,1,0,1,0,341.0,3,0.0,0.26392961876832843,0.0,0.26392961876832843,0,Ikechukwu Uche,Nigeria
575,0,0,0,3,0,719.0,8,0.0,0.0,0.0,0.37552155771905427,0,Rubén García,Spain
576,0,0,0,1,0,202.0,4,0.0,0.0,0.0,0.44554455445544555,0,Oier,Spain
577,0,0,0,1,0,173.0,2,0.0,0.0,0.0,0.5202312138728323,0,Roberto Torres,Spain
578,1,0,0,0,0,63.0,2,1.4285714285714284,0.0,0.0,0.0,0,Álex,Spain
579,0,0,0,5,0,945.0,10,0.0,0.0,0.0,0.47619047619047616,0,José Mari,Spain
580,0,0,0,2,0,358.0,6,0.0,0.0,0.0,0.5027932960893855,0,Rober Correa,Spain
581,2,0,0,0,0,115.0,1,1.565217391304348,0.0,0.0,0.0,2,Dejan Lekić,Serbia
582,0,0,0,1,0,692.0,10,0.0,0.0,0.0,0.13005780346820808,0,Álex Menéndez,Spain
583,2,3,0,4,0,1869.0,21,0.09630818619582664,0.14446227929373998,0.0,0.19261637239165327,0,Álvaro Vázquez,Spain
584,0,0,0,1,0,215.0,3,0.0,0.0,0.0,0.41860465116279066,0,Cristian Álvarez,Argentina
585,1,0,0,0,0,204.0,2,0.4411764705882353,0.0,0.0,0.0,0,Álvaro Giménez,Spain
586,1,2,0,1,0,930.0,14,0.0967741935483871,0.1935483870967742,0.0,0.0967741935483871,0,Saúl Berjón,Spain
587,1,1,0,1,0,765.0,7,0.11764705882352941,0.11764705882352941,0.0,0.11764705882352941,0,Salva Sevilla,Spain
588,0,0,0,1,0,16.0,1,0.0,0.0,0.0,5.625,0,Toché,Spain
589,0,0,0,1,0,258.0,4,0.0,0.0,0.0,0.3488372093023256,0,Antonio Raillo,Spain
590,0,0,0,2,0,335.0,6,0.0,0.0,0.0,0.5373134328358209,0,Francisco Varela,Spain
591,0,0,0,1,0,207.0,3,0.0,0.0,0.0,0.43478260869565216,0,Germán Sánchez,Spain
592,0,1,0,6,0,1100.0,18,0.0,0.08181818181818182,0.0,0.49090909090909096,0,Quini,Spain
593,0,0,0,1,0,102.0,1,0.0,0.0,0.0,0.8823529411764706,0,Luso,Spain
594,0,1,0,1,0,367.0,4,0.0,0.24523160762942778,0.0,0.24523160762942778,0,Álvaro Vadillo,Spain
595,0,0,0,1,0,454.0,8,0.0,0.0,0.0,0.19823788546255508,0,Ángel Montoro,Spain
596,1,2,0,12,0,1412.0,19,0.06373937677053824,0.1274787535410765,0.0,0.764872521246459,0,Verza,Spain
597,0,0,0,1,0,407.0,9,0.0,0.0,0.0,0.22113022113022113,0,Xavi Torres,Spain
598,0,1,0,0,0,167.0,2,0.0,0.5389221556886228,0.0,0.0,0,Nino,Spain
599,6,0,0,2,0,486.0,8,1.1111111111111112,0.0,0.0,0.3703703703703704,0,Carlos Castro,Spain
600,0,0,0,1,0,146.0,2,0.0,0.0,0.0,0.6164383561643836,0,Javi Lara,Spain
601,0,0,0,1,0,2.0,1,0.0,0.0,0.0,45.0,0,Chus Herrero,Spain
602,0,0,0,1,0,560.0,6,0.0,0.0,0.0,0.1607142857142857,0,Juan Domínguez,Spain
603,0,0,0,1,0,145.0,2,0.0,0.0,0.0,0.6206896551724138,0,Ander Guevara,Spain
604,0,0,0,1,0,630.0,14,0.0,0.0,0.0,0.14285714285714285,0,Juan Carlos,Spain
605,2,0,0,6,0,1337.0,22,0.13462976813762154,0.0,0.0,0.40388930441286464,0,Isma López,Spain
606,0,0,0,1,0,214.0,3,0.0,0.0,0.0,0.4205607476635514,0,Vincenzo Renato Rennella,Italy
607,1,0,0,1,0,426.0,7,0.2112676056338028,0.0,0.0,0.2112676056338028,0,Miguel Flaño,Spain
608,0,1,0,0,0,11.0,1,0.0,8.181818181818182,0.0,0.0,0,Kike Barja,Spain
609,0,0,0,1,0,261.0,3,0.0,0.0,0.0,0.3448275862068965,0,Josip Radošević,Croatia
610,2,0,0,1,0,565.0,7,0.3185840707964602,0.0,0.0,0.1592920353982301,0,Manu del Moral,Spain
611,0,0,0,5,0,404.0,7,0.0,0.0,0.0,1.113861386138614,0,Lillo Castellano,Spain
612,0,1,0,0,0,45.0,1,0.0,2.0,0.0,0.0,0,Fran Gámez,Spain
613,0,0,0,1,0,146.0,2,0.0,0.0,0.0,0.6164383561643836,0,Paco Montañés,Spain
614,0,0,0,2,0,208.0,4,0.0,0.0,0.0,0.8653846153846154,0,Diego Capel,Spain
615,0,0,0,2,0,367.0,5,0.0,0.0,0.0,0.49046321525885556,0,Roberto Canella,Spain
616,1,0,0,0,0,194.0,3,0.4639175257731959,0.0,0.0,0.0,0,Lucas Olaza,Uruguay
617,0,0,0,1,0,135.0,3,0.0,0.0,0.0,0.6666666666666667,0,Juan Forlín,Argentina
618,0,0,0,4,0,1218.0,13,0.0,0.0,0.0,0.29556650246305416,0,Javi Márquez,Spain
619,0,2,0,0,0,490.0,8,0.0,0.3673469387755102,0.0,0.0,0,Riqui Puig,Spain
620,0,0,0,1,0,90.0,2,0.0,0.0,0.0,1.0,0,Héctor Rodas,Spain
621,0,0,0,1,0,3.0,1,0.0,0.0,0.0,30.0,0,Álex Blanco,Spain
622,1,0,0,0,0,9.0,1,10.0,0.0,0.0,0.0,2,Rafael Sóbis,Brazil
623,8,1,0,8,1,1507.0,17,0.47777040477770405,0.059721300597213006,0.0,0.5374917053749171,0,Deyverson,Brazil
624,0,0,0,4,0,900.0,20,0.0,0.0,0.0,0.4,0,Diego Alves,Brazil
625,1,0,0,1,0,165.0,2,0.5454545454545454,0.0,0.0,0.5454545454545454,0,Ricardo Oliveira,Brazil
626,0,1,0,0,0,120.0,1,0.0,0.75,0.0,0.0,0,Alexandre Pato,Brazil
627,0,0,0,1,0,135.0,3,0.0,0.0,0.0,0.6666666666666667,0,Henrique,Brazil
628,0,1,0,0,0,121.0,1,0.0,0.743801652892562,0.0,0.0,0,Andrés D'Alessandro,Argentina
629,2,0,0,0,0,166.0,3,1.0843373493975905,0.0,0.0,0.0,0,Marco Ruben,Argentina
630,0,0,0,1,0,90.0,1,0.0,0.0,0.0,1.0,0,Juan Rodríguez,Spain
631,2,0,0,4,0,1105.0,17,0.16289592760180996,0.0,0.0,0.3257918552036199,0,Fran Rico,Spain
632,0,2,0,0,0,178.0,2,0.0,1.0112359550561798,0.0,0.0,0,Nenê,Brazil
633,0,0,0,1,0,126.0,1,0.0,0.0,0.0,0.7142857142857142,0,Aaron Níguez,Spain
634,1,3,0,1,0,1608.0,30,0.055970149253731345,0.16791044776119401,0.0,0.055970149253731345,0,Sylvinho,Brazil
635,2,0,0,4,0,1229.0,15,0.14646053702196907,0.0,0.0,0.29292107404393813,0,Duda,Portugal
636,0,0,0,2,0,245.0,3,0.0,0.0,0.0,0.7346938775510204,0,Iñaki Muñoz,Spain
637,0,0,0,9,0,1115.0,16,0.0,0.0,0.0,0.726457399103139,0,Juliano Belletti,Brazil
638,0,0,0,1,0,112.0,1,0.0,0.0,0.0,0.8035714285714285,0,Mohamed El Yaagoubi,Morocco
639,0,0,0,2,0,90.0,2,0.0,0.0,0.0,2.0,0,Josetxo,Spain
640,1,0,0,1,0,276.0,4,0.32608695652173914,0.0,0.0,0.32608695652173914,0,Valdo,Cape Verde
641,0,0,0,2,0,1673.0,25,0.0,0.0,0.0,0.1075911536162582,0,Oleguer,Spain
642,0,0,0,4,1,666.0,9,0.0,0.0,0.0,0.6756756756756757,0,Patxi Puñal,Spain
643,0,0,0,1,0,317.0,4,0.0,0.0,0.0,0.28391167192429023,0,Miguel Ángel,Spain
644,4,0,0,0,0,1259.0,15,0.2859412231930103,0.0,0.0,0.0,0,Ludovic Giuly,France
645,27,15,0,10,1,3605.0,47,0.6740638002773924,0.37447988904299584,0.0,0.27461858529819694,0,Ronaldinho,Brazil
646,0,1,0,6,0,1793.0,23,0.0,0.0501952035694367,0.0,0.3011712214166202,0,Juan Rodríguez,Spain
647,0,0,0,2,0,372.0,5,0.0,0.0,0.0,0.4838709677419355,0,Juanito,Spain
648,0,0,0,2,0,90.0,2,0.0,0.0,0.0,2.0,0,Alexis,Spain
649,0,0,0,1,0,90.0,2,0.0,0.0,0.0,1.0,0,José Antonio Culebras,Spain
650,0,0,0,1,0,135.0,3,0.0,0.0,0.0,0.6666666666666667,0,Pablo Pinillos,Spain
651,0,0,0,2,0,449.0,6,0.0,0.0,0.0,0.40089086859688194,0,Nacho,Spain
652,0,0,0,1,0,135.0,3,0.0,0.0,0.0,0.6666666666666667,0,Alberto Rivera,Spain
653,0,1,0,1,0,132.0,1,0.0,0.6818181818181819,0.0,0.6818181818181819,0,Félix Dja Ettien,Côte d'Ivoire
654,0,0,0,3,0,334.0,5,0.0,0.0,0.0,0.8083832335329341,0,Damià,Spain
655,0,0,0,1,0,135.0,3,0.0,0.0,0.0,0.6666666666666667,0,Paco Peña,Spain
656,0,1,0,1,0,175.0,2,0.0,0.5142857142857142,0.0,0.5142857142857142,0,Antonio Pacheco D'Agosti,Uruguay
657,0,1,0,6,0,1434.0,26,0.0,0.06276150627615062,0.0,0.37656903765690375,0,Edmilson,Brazil
658,0,0,0,1,0,45.0,1,0.0,0.0,0.0,2.0,0,Óscar González,Spain
659,0,0,0,1,0,135.0,3,0.0,0.0,0.0,0.6666666666666667,0,Ricardo,Spain
660,0,0,0,3,0,180.0,4,0.0,0.0,0.0,1.5,0,Álvaro,Brazil
661,0,0,0,2,0,315.0,7,0.0,0.0,0.0,0.5714285714285714,0,César Sánchez,Spain
662,0,0,0,1,0,45.0,1,0.0,0.0,0.0,2.0,0,Delio Toledo,Paraguay
663,3,0,0,5,0,2023.0,32,0.13346515076618884,0.0,0.0,0.22244191794364807,0,Gabriel Milito,Argentina
664,0,0,0,1,0,219.0,2,0.0,0.0,0.0,0.410958904109589,0,José María Movilla,Spain
665,1,3,0,1,0,1307.0,13,0.06885998469778118,0.20657995409334354,0.0,0.06885998469778118,0,Cani,Spain
666,0,2,0,0,0,359.0,3,0.0,0.5013927576601671,0.0,0.0,0,Guti,Spain
667,0,0,0,1,0,45.0,1,0.0,0.0,0.0,2.0,0,Gabri,Spain
668,0,1,0,1,0,156.0,2,0.0,0.5769230769230769,0.0,0.5769230769230769,0,Robinho,Brazil
669,0,0,0,1,0,135.0,3,0.0,0.0,0.0,0.6666666666666667,0,Gonzalo Rodríguez,Argentina
670,0,0,0,1,0,154.0,2,0.0,0.0,0.0,0.5844155844155845,0,Javi Venta,Spain
671,1,0,0,0,0,136.0,2,0.6617647058823529,0.0,0.0,0.0,0,José Marí,Spain
672,1,1,0,3,0,284.0,4,0.31690140845070425,0.31690140845070425,0.0,0.9507042253521126,0,Luís Fabiano,Brazil
673,0,0,0,2,0,381.0,7,0.0,0.0,0.0,0.47244094488188976,0,Jose Martí,Spain
674,0,1,0,0,0,126.0,2,0.0,0.7142857142857142,0.0,0.0,0,Santiago Ezquerro,Spain
675,0,0,0,2,0,207.0,3,0.0,0.0,0.0,0.8695652173913043,0,Ivica Dragutinovic,Serbia
676,4,0,0,3,0,519.0,9,0.6936416184971098,0.0,0.0,0.5202312138728323,0,Frédéric Kanouté,Mali
677,0,0,0,1,0,338.0,4,0.0,0.0,0.0,0.2662721893491124,0,Javier Saviola,Argentina
678,0,0,0,1,0,180.0,4,0.0,0.0,0.0,0.5,0,Sergio,Spain
679,0,0,0,1,0,101.0,1,0.0,0.0,0.0,0.8910891089108911,0,Blagoy Georgiev,Bulgaria
680,0,0,0,1,0,180.0,3,0.0,0.0,0.0,0.5,0,Iriney Santos,Brazil
681,0,0,0,2,0,188.0,5,0.0,0.0,0.0,0.9574468085106382,0,Ángel López,Spain
682,0,0,0,1,0,45.0,1,0.0,0.0,0.0,2.0,0,David Coromina,Spain
683,0,0,0,1,0,57.0,2,0.0,0.0,0.0,1.5789473684210527,0,Borja Oubiña,Spain
684,1,0,0,0,0,227.0,2,0.39647577092511016,0.0,0.0,0.0,0,Fernando Baiano,Brazil
685,0,0,0,1,0,45.0,1,0.0,0.0,0.0,2.0,0,Eduardo Tuzzio,Argentina
686,1,0,0,0,0,328.0,6,0.27439024390243905,0.0,0.0,0.0,0,José Nunes,Portugal
687,0,0,0,1,0,225.0,5,0.0,0.0,0.0,0.4,0,David Cortés,Spain
688,0,0,0,1,0,45.0,1,0.0,0.0,0.0,2.0,0,Cristiano Doni,Italy
689,0,1,0,0,0,456.0,6,0.0,0.19736842105263158,0.0,0.0,0,Jonás Gutiérrez,Argentina
690,1,0,0,0,0,128.0,1,0.703125,0.0,0.0,0.0,0,Gustavo López,Argentina
691,4,6,0,11,0,2130.0,26,0.16901408450704225,0.2535211267605634,0.0,0.4647887323943662,0,Roberto Soldado,Spain
692,0,0,0,3,0,931.0,16,0.0,0.0,0.0,0.2900107411385607,0,David Navarro,Spain
693,0,0,0,1,0,90.0,1,0.0,0.0,0.0,1.0,0,Antonio Puerta,Spain
694,0,0,0,1,0,180.0,4,0.0,0.0,0.0,0.5,0,Julien Escudé,France
695,0,0,0,1,0,44.0,1,0.0,0.0,0.0,2.0454545454545454,0,Emerson,Brazil
696,5,1,0,6,0,1340.0,14,0.33582089552238803,0.06716417910447761,0.0,0.40298507462686567,0,Ángel Lafita,Spain
697,0,1,0,0,0,90.0,2,0.0,1.0,0.0,0.0,0,Mahamadou Diarra,Mali
698,0,0,0,3,0,288.0,5,0.0,0.0,0.0,0.9375,0,Carlos Diogo,Uruguay
699,0,1,0,9,0,965.0,18,0.0,0.09326424870466321,0.0,0.8393782383419688,0,Juanfran,Spain
700,1,0,0,0,0,92.0,3,0.9782608695652174,0.0,0.0,0.0,0,Jorge López,Spain
701,0,0,0,1,0,315.0,5,0.0,0.0,0.0,0.2857142857142857,0,Fernando Amorebieta,Venezuela (Bolivarian Republic)
702,1,2,0,0,0,570.0,6,0.15789473684210525,0.3157894736842105,0.0,0.0,0,Fran Yeste,Spain
703,0,0,0,1,0,153.0,2,0.0,0.0,0.0,0.5882352941176471,0,Fernando Gago,Argentina
704,0,0,0,1,0,220.0,2,0.0,0.0,0.0,0.40909090909090906,0,Ángel Morales,Spain
705,0,1,0,0,0,45.0,1,0.0,2.0,0.0,0.0,0,Irurzun,Spain
706,0,0,0,1,0,90.0,2,0.0,0.0,0.0,1.0,0,Ángel Vivar Dorado,Spain
707,1,0,0,2,0,136.0,4,0.6617647058823529,0.0,0.0,1.3235294117647058,0,Mariano Pernía,Spain
708,0,0,0,1,0,90.0,2,0.0,0.0,0.0,1.0,0,Mario Cotelo,Spain
709,0,0,0,1,0,225.0,5,0.0,0.0,0.0,0.4,0,Oriol Lozano,Spain
710,0,0,0,1,0,180.0,4,0.0,0.0,0.0,0.5,0,Rubén González,Spain
711,0,0,0,3,0,225.0,3,0.0,0.0,0.0,1.2000000000000002,0,Luis Fernández,Spain
712,0,0,0,1,0,45.0,1,0.0,0.0,0.0,2.0,0,Vitolo,Spain
713,0,0,0,1,0,101.0,1,0.0,0.0,0.0,0.8910891089108911,0,Cristian Álvarez,Argentina
714,1,0,0,0,0,161.0,2,0.5590062111801242,0.0,0.0,0.0,0,Nikola Žigić,Serbia
715,0,1,0,0,0,135.0,3,0.0,0.6666666666666667,0.0,0.0,0,Florent Sinama-Pongolle,France
716,0,0,0,1,0,144.0,2,0.0,0.0,0.0,0.625,0,Pablo Orbaiz,Spain
717,0,0,0,5,0,805.0,15,0.0,0.0,0.0,0.5590062111801242,0,Carlos Gurpegi,Spain
718,0,0,0,1,0,98.0,1,0.0,0.0,0.0,0.9183673469387754,0,Jesús Lacruz,Spain
719,0,1,0,0,0,140.0,2,0.0,0.6428571428571428,0.0,0.0,0,Joseba Garmendia,Spain
720,1,0,0,0,0,425.0,5,0.2117647058823529,0.0,0.0,0.0,0,Coro,Spain
721,0,1,0,3,0,1125.0,25,0.0,0.08,0.0,0.24,0,Carlos Kameni,Cameroon
722,0,1,0,1,0,45.0,1,0.0,2.0,0.0,2.0,0,Frédson,Brazil
723,2,1,0,2,0,161.0,2,1.1180124223602483,0.5590062111801242,0.0,1.1180124223602483,0,Iván de la Peña,Spain
724,0,0,0,1,0,45.0,1,0.0,0.0,0.0,2.0,0,Armando Sa,Mozambique
725,0,0,0,5,0,546.0,11,0.0,0.0,0.0,0.8241758241758242,0,Alberto Lopo,Spain
726,2,0,0,2,0,265.0,4,0.6792452830188679,0.0,0.0,0.6792452830188679,0,Raúl Tamudo,Spain
727,0,0,0,2,0,135.0,2,0.0,0.0,0.0,1.3333333333333335,0,Dani Jarque,Spain
728,0,1,0,0,0,45.0,1,0.0,2.0,0.0,0.0,0,Pablo Ibáñez,Spain
729,0,0,0,1,0,180.0,4,0.0,0.0,0.0,0.5,0,Antonio López,Spain
730,0,1,0,0,0,180.0,4,0.0,0.5,0.0,0.0,0,Luis Perea,Colombia
731,0,0,0,1,0,171.0,2,0.0,0.0,0.0,0.5263157894736842,0,Peter Luccin,France
732,1,1,0,0,0,97.0,2,0.9278350515463918,0.9278350515463918,0.0,0.0,0,Maxi Rodríguez,Argentina
733,0,1,0,0,0,234.0,3,0.0,0.38461538461538464,0.0,0.0,0,Daniel N'Gom Kome,Cameroon
734,0,0,0,1,0,544.0,6,0.0,0.0,0.0,0.16544117647058823,0,Óscar Serrano,Spain
735,0,0,0,1,0,90.0,2,0.0,0.0,0.0,1.0,0,Ayoze Díaz,Spain
736,0,1,0,0,0,133.0,1,0.0,0.6766917293233082,0.0,0.0,0,Albert Riera,Spain
737,0,0,0,3,0,403.0,5,0.0,0.0,0.0,0.6699751861042184,0,Moisés Hurtado,Spain
738,0,0,0,1,0,102.0,1,0.0,0.0,0.0,0.8823529411764706,0,Francisco Rufete,Spain
739,0,1,0,0,0,85.0,2,0.0,1.0588235294117647,0.0,0.0,0,Javier Camuñas,Spain
740,0,0,0,1,0,360.0,5,0.0,0.0,0.0,0.25,0,Javi Chica,Spain
741,0,1,0,0,0,171.0,2,0.0,0.5263157894736842,0.0,0.0,0,Carlos Martins,Portugal
742,0,0,0,1,0,45.0,1,0.0,0.0,0.0,2.0,0,Poli,Spain
743,0,0,0,1,0,90.0,1,0.0,0.0,0.0,1.0,0,Quique Álvarez,Spain
744,0,0,0,1,0,45.0,1,0.0,0.0,0.0,2.0,0,Gabriel Heinze,Argentina
745,0,0,0,1,0,97.0,1,0.0,0.0,0.0,0.9278350515463918,0,Mathieu Berson,France
746,1,0,0,0,0,193.0,3,0.46632124352331605,0.0,0.0,0.0,0,Riga Mustapha,Netherlands
747,0,0,0,1,0,285.0,4,0.0,0.0,0.0,0.3157894736842105,0,Sisi,Spain
748,4,0,0,3,0,386.0,5,0.9326424870466321,0.0,0.0,0.6994818652849741,0,Joseba Llorente,Spain
749,0,0,0,2,0,270.0,6,0.0,0.0,0.0,0.6666666666666667,0,Juan Valera,Spain
750,0,1,0,0,0,124.0,1,0.0,0.7258064516129032,0.0,0.0,0,Guillermo Franco,Mexico
751,5,0,0,0,0,440.0,6,1.0227272727272727,0.0,0.0,0.0,0,Diego Forlán,Uruguay
752,0,0,0,1,0,45.0,1,0.0,0.0,0.0,2.0,0,Fernando Varela,Spain
753,0,0,0,1,0,135.0,3,0.0,0.0,0.0,0.6666666666666667,0,Manuel Pablo,Spain
754,0,0,0,1,0,45.0,1,0.0,0.0,0.0,2.0,0,Christian Riganò,Italy
755,1,1,0,1,0,1437.0,16,0.06263048016701461,0.06263048016701461,0.0,0.06263048016701461,0,Joan Verdú,Spain
756,0,0,0,1,0,45.0,1,0.0,0.0,0.0,2.0,0,Bruno Cirillo,Italy
757,0,0,0,1,0,201.0,2,0.0,0.0,0.0,0.44776119402985076,0,Javier Arizmendi,Spain
758,0,0,0,1,0,45.0,1,0.0,0.0,0.0,2.0,0,Piscu,Spain
759,2,0,0,3,0,1032.0,17,0.1744186046511628,0.0,0.0,0.2616279069767442,0,Zé Castro,Portugal
760,1,0,0,0,0,278.0,3,0.32374100719424465,0.0,0.0,0.0,0,José Javier Barkero,Spain
761,0,0,0,1,0,214.0,2,0.0,0.0,0.0,0.4205607476635514,0,Carmelo González,Spain
762,0,0,0,1,0,90.0,2,0.0,0.0,0.0,1.0,0,Apoño,Spain
763,0,0,0,2,0,305.0,4,0.0,0.0,0.0,0.5901639344262295,0,Domingo Cisma,Spain
764,0,0,0,1,0,147.0,2,0.0,0.0,0.0,0.6122448979591837,0,Román Martínez,Argentina
765,1,0,0,1,0,180.0,3,0.5,0.0,0.0,0.5,0,Iván Alonso,Uruguay
766,0,0,0,1,0,151.0,2,0.0,0.0,0.0,0.5960264900662252,0,Rafael Sastre,Spain
767,0,0,0,1,0,283.0,3,0.0,0.0,0.0,0.31802120141342755,0,Salva Ballesta,Spain
768,0,0,0,2,0,541.0,9,0.0,0.0,0.0,0.33271719038817005,0,David Barral,Spain
769,0,0,0,1,0,337.0,4,0.0,0.0,0.0,0.26706231454005935,0,Diego Castro,Spain
770,0,0,0,1,0,45.0,1,0.0,0.0,0.0,2.0,0,Sergio Matabuena,Spain
771,1,0,0,0,0,95.0,1,0.9473684210526315,0.0,0.0,0.0,0,Dorlan Pabón,Colombia
772,0,0,0,1,0,538.0,7,0.0,0.0,0.0,0.16728624535315983,0,Jonathan Rodríguez,Uruguay
773,1,0,0,2,0,451.0,6,0.19955654101995565,0.0,0.0,0.3991130820399113,0,Edgar Méndez,Spain
774,0,0,0,1,0,45.0,1,0.0,0.0,0.0,2.0,0,Fabiano Eler,Brazil
775,0,0,0,1,0,45.0,1,0.0,0.0,0.0,2.0,0,Javier Del Pino,Spain
776,1,0,0,2,0,337.0,4,0.26706231454005935,0.0,0.0,0.5341246290801187,0,Hedwiges Maduro,Netherlands
777,0,0,0,1,0,135.0,3,0.0,0.0,0.0,0.6666666666666667,0,Renan,Brazil
778,0,0,0,1,0,45.0,1,0.0,0.0,0.0,2.0,0,Asier del Horno,Spain
779,0,0,0,1,0,247.0,2,0.0,0.0,0.0,0.3643724696356275,0,Guido Rodríguez,Argentina
780,0,0,0,1,0,130.0,1,0.0,0.0,0.0,0.6923076923076923,0,David Sánchez,Spain
781,0,0,0,1,0,45.0,1,0.0,0.0,0.0,2.0,0,Luis Rubiales,Spain
782,0,0,0,1,0,135.0,3,0.0,0.0,0.0,0.6666666666666667,0,Javier Paredes,Spain
783,1,0,0,0,0,159.0,3,0.5660377358490566,0.0,0.0,0.0,0,Corona,Spain
784,0,0,0,1,0,135.0,3,0.0,0.0,0.0,0.6666666666666667,0,Santiago Acasiete,Peru
785,0,0,0,2,0,354.0,4,0.0,0.0,0.0,0.5084745762711864,0,Fernando Soriano,Spain
786,0,0,0,2,0,398.0,6,0.0,0.0,0.0,0.45226130653266333,0,Mané,Spain
787,0,0,0,2,0,412.0,5,0.0,0.0,0.0,0.4368932038834951,0,Albert Crusat,Spain
788,0,0,0,2,0,511.0,5,0.0,0.0,0.0,0.3522504892367906,0,Juanma Ortiz,Spain
789,0,0,0,1,0,90.0,2,0.0,0.0,0.0,1.0,0,Sergio Ballesteros,Spain
790,0,0,0,1,0,107.0,1,0.0,0.0,0.0,0.8411214953271028,0,Gaizka Garitano,Spain
791,0,1,0,2,0,675.0,14,0.0,0.13333333333333333,0.0,0.26666666666666666,0,Javier Garrido,Spain
792,1,0,0,0,0,45.0,1,2.0,0.0,0.0,0.0,2,Melli,Spain
793,0,1,0,1,0,131.0,1,0.0,0.6870229007633587,0.0,0.6870229007633587,0,Capi,Spain
794,0,0,0,1,0,119.0,1,0.0,0.0,0.0,0.7563025210084033,0,Pablo Couñago,Spain
795,0,0,0,1,0,90.0,2,0.0,0.0,0.0,1.0,0,Juande,Spain
796,0,0,0,1,0,45.0,1,0.0,0.0,0.0,2.0,0,Marko Babić,Croatia
797,0,0,0,1,0,97.0,1,0.0,0.0,0.0,0.9278350515463918,0,Pablo Álvarez,Spain
798,0,0,0,1,0,128.0,1,0.0,0.0,0.0,0.703125,0,Mista,Spain
799,0,1,0,0,0,245.0,4,0.0,0.3673469387755102,0.0,0.0,0,Cata Díaz,Argentina
800,0,0,0,1,0,135.0,3,0.0,0.0,0.0,0.6666666666666667,0,Paulo Assunção,Brazil
801,0,0,0,1,0,1.0,1,0.0,0.0,0.0,90.0,1,Fali Romero,Spain
802,1,0,0,0,0,45.0,1,2.0,0.0,0.0,0.0,2,Juan Ochoa,Spain
803,0,0,0,1,0,98.0,1,0.0,0.0,0.0,0.9183673469387754,0,Alejandro Marañón,Spain
804,1,0,0,1,0,111.0,2,0.8108108108108109,0.0,0.0,0.8108108108108109,0,Wálter Pandiani,Uruguay
805,1,0,0,0,0,235.0,2,0.3829787234042553,0.0,0.0,0.0,0,Carlos Aranda,Spain
806,0,0,0,1,0,45.0,1,0.0,0.0,0.0,2.0,0,Sergio Ortega,Spain
807,0,0,0,1,0,108.0,1,0.0,0.0,0.0,0.8333333333333333,0,Fernando Vega,Spain
808,0,1,0,1,0,135.0,2,0.0,0.6666666666666667,0.0,0.6666666666666667,0,Achille Emaná,Cameroon
809,1,1,0,12,0,1400.0,19,0.06428571428571428,0.06428571428571428,0.0,0.7714285714285715,0,Raúl Baena,Spain
810,0,0,0,1,0,103.0,2,0.0,0.0,0.0,0.8737864077669902,0,Carlos Calvo,Spain
811,1,0,0,1,0,90.0,2,1.0,0.0,0.0,1.0,0,Daniel Osvaldo,Italy
812,0,0,0,2,0,246.0,4,0.0,0.0,0.0,0.7317073170731708,0,José Manuel Casado,Spain
813,0,4,0,8,0,2023.0,38,0.0,0.17795353435491842,0.0,0.35590706870983685,0,Maxwell,Brazil
814,0,0,0,2,0,316.0,6,0.0,0.0,0.0,0.569620253164557,0,Francis,Spain
815,1,0,0,0,0,26.0,2,3.4615384615384617,0.0,0.0,0.0,2,Gaizka Toquero,Spain
816,0,0,0,1,0,90.0,2,0.0,0.0,0.0,1.0,0,Diego Colotto,Argentina
817,2,1,0,0,0,333.0,4,0.5405405405405406,0.2702702702702703,0.0,0.0,0,Jeffrén,Venezuela (Bolivarian Republic)
818,0,0,0,1,0,117.0,2,0.0,0.0,0.0,0.7692307692307693,0,Ayoze,Spain
819,0,0,0,1,0,90.0,2,0.0,0.0,0.0,1.0,0,Pablo Sicilia,Spain
820,0,0,0,1,0,132.0,1,0.0,0.0,0.0,0.6818181818181819,0,Ezequiel Luna,Argentina
821,0,1,0,5,0,886.0,20,0.0,0.10158013544018057,0.0,0.5079006772009029,0,Alberto Lora,Spain
822,0,0,0,1,0,115.0,1,0.0,0.0,0.0,0.782608695652174,0,Cristian Portilla,Spain
823,1,0,0,2,0,219.0,3,0.410958904109589,0.0,0.0,0.821917808219178,0,Alberto Botía Rabasco,Spain
824,0,0,0,1,0,90.0,2,0.0,0.0,0.0,1.0,0,Ángel Dealbert,Spain
825,0,0,0,1,0,174.0,2,0.0,0.0,0.0,0.5172413793103449,0,Alejandro Domínguez,Argentina
826,0,1,0,2,0,201.0,3,0.0,0.44776119402985076,0.0,0.8955223880597015,0,Hernán Bernardello,Argentina
827,0,2,0,1,0,45.0,1,0.0,4.0,0.0,2.0,0,Matteo Contini,Italy
828,0,0,0,1,0,153.0,2,0.0,0.0,0.0,0.5882352941176471,0,J. Jarošík,Czech Republic
829,0,1,0,7,0,1497.0,27,0.0,0.06012024048096193,0.0,0.42084168336673344,0,Weligton,Brazil
830,0,0,0,2,0,262.0,3,0.0,0.0,0.0,0.6870229007633587,0,Nabil Baha,Morocco
831,0,0,0,1,0,45.0,1,0.0,0.0,0.0,2.0,0,Michaël Pereira,France
832,0,0,0,1,0,45.0,1,0.0,0.0,0.0,2.0,0,Edson Ratinho,Brazil
833,0,0,0,1,0,113.0,1,0.0,0.0,0.0,0.7964601769911505,0,Álvaro Domínguez,Spain
834,0,1,0,1,0,45.0,1,0.0,2.0,0.0,2.0,0,Didier Zokora,Côte d'Ivoire
835,0,0,0,1,0,45.0,1,0.0,0.0,0.0,2.0,0,Abdoulay Konko,France
836,0,0,0,2,0,90.0,2,0.0,0.0,0.0,2.0,0,Derek Boateng,Ghana
837,5,3,0,2,0,1324.0,15,0.33987915407854985,0.20392749244712993,0.0,0.13595166163141995,0,Miku Fedor,Venezuela (Bolivarian Republic)
838,1,1,0,1,0,616.0,11,0.14610389610389612,0.14610389610389612,0.0,0.14610389610389612,0,Manucho Gonçalves,Angola
839,0,0,0,1,0,90.0,2,0.0,0.0,0.0,1.0,0,Henrique Sereno,Portugal
840,0,0,0,1,0,45.0,1,0.0,0.0,0.0,2.0,0,Javier Baraja,Spain
841,0,0,0,1,0,180.0,3,0.0,0.0,0.0,0.5,0,José Carlos,Spain
842,0,0,0,1,0,238.0,3,0.0,0.0,0.0,0.37815126050420167,0,Marc Valiente,Spain
843,1,1,0,0,0,104.0,3,0.8653846153846154,0.8653846153846154,0.0,0.0,0,Nilmar,Brazil
844,0,0,0,1,0,45.0,1,0.0,0.0,0.0,2.0,0,André Castro,Portugal
845,0,0,0,1,0,45.0,1,0.0,0.0,0.0,2.0,0,Maurizio Lanzaro,Italy
846,0,0,0,1,0,108.0,1,0.0,0.0,0.0,0.8333333333333333,0,Braulio Nóbrega,Spain
847,0,0,0,1,0,45.0,1,0.0,0.0,0.0,2.0,0,Pablo Pintos,Uruguay
848,1,3,0,8,0,2087.0,22,0.04312410158121706,0.12937230474365116,0.0,0.34499281264973647,0,Álvaro Cejudo,Spain
849,0,0,0,2,0,301.0,3,0.0,0.0,0.0,0.5980066445182725,0,Tino Costa,Argentina
850,2,0,0,0,0,233.0,2,0.7725321888412017,0.0,0.0,0.0,0,Nelson Valdez,Paraguay
851,0,0,0,2,0,1453.0,31,0.0,0.0,0.0,0.12388162422573984,0,Javi Varas,Spain
852,0,0,0,1,0,226.0,6,0.0,0.0,0.0,0.39823008849557523,0,Jon Ansotegi Gorostola,Spain
853,0,0,0,1,0,45.0,1,0.0,0.0,0.0,2.0,0,Fabián Vargas,Colombia
854,0,0,0,1,0,249.0,3,0.0,0.0,0.0,0.36144578313253006,0,Thievy Bifouma,Congo (Brazzaville)
855,4,2,0,1,0,1203.0,18,0.29925187032418954,0.14962593516209477,0.0,0.07481296758104738,0,Isaac Cuenca,Spain
856,0,0,0,1,0,45.0,1,0.0,0.0,0.0,2.0,0,Dani Benítez,Spain
857,2,0,0,3,0,735.0,14,0.24489795918367346,0.0,0.0,0.3673469387755102,0,Guilherme Siqueira,Brazil
858,1,0,0,1,0,225.0,5,0.4,0.0,0.0,0.4,0,Diego Maínz,Spain
859,1,0,0,0,0,269.0,6,0.33457249070631967,0.0,0.0,0.0,0,Roque Santa Cruz,Paraguay
860,0,0,0,1,0,45.0,1,0.0,0.0,0.0,2.0,0,Mario Fernández,Spain
861,2,3,0,3,0,816.0,12,0.22058823529411764,0.33088235294117646,0.0,0.33088235294117646,0,Piti,Spain
862,0,0,0,2,0,251.0,5,0.0,0.0,0.0,0.7171314741035857,0,Jordi Figueras,Spain
863,0,0,0,1,0,90.0,2,0.0,0.0,0.0,1.0,0,Michu,Spain
864,0,0,0,1,0,135.0,3,0.0,0.0,0.0,0.6666666666666667,0,Marc Bertrán,Spain
865,3,4,0,10,0,1863.0,31,0.14492753623188406,0.1932367149758454,0.0,0.48309178743961356,0,Roberto Trashorras,Spain
866,0,0,0,2,0,90.0,2,0.0,0.0,0.0,2.0,0,Borja Gómez,Spain
867,0,0,0,1,0,45.0,1,0.0,0.0,0.0,2.0,0,Javi Noblejas,Spain
868,0,0,0,2,0,1120.0,15,0.0,0.0,0.0,0.1607142857142857,0,Alexandre Dimitri Song-Billong,Cameroon
869,0,2,0,5,0,630.0,12,0.0,0.2857142857142857,0.0,0.7142857142857142,0,Roberto Lago,Spain
870,1,0,0,0,0,135.0,3,0.6666666666666667,0.0,0.0,0.0,0,Raoul Loé,Cameroon
871,0,0,0,2,0,261.0,5,0.0,0.0,0.0,0.689655172413793,0,Abdoul Karim Yoda,France
872,9,1,0,1,0,1518.0,21,0.533596837944664,0.05928853754940712,0.0,0.05928853754940712,0,Youssef El-Arabi,Morocco
873,0,0,0,1,0,102.0,1,0.0,0.0,0.0,0.8823529411764706,0,Antonio Floro Flores,Italy
874,0,0,0,1,0,315.0,7,0.0,0.0,0.0,0.2857142857142857,0,Beto,Portugal
875,0,0,0,1,0,159.0,2,0.0,0.0,0.0,0.5660377358490566,0,Andrija Delibašić,Montenegro
876,1,0,0,9,0,1235.0,18,0.0728744939271255,0.0,0.0,0.6558704453441295,0,Simão,Mozambique
877,0,0,0,3,0,407.0,6,0.0,0.0,0.0,0.6633906633906634,0,Jordi Xumetra,Spain
878,1,0,0,4,0,815.0,14,0.11042944785276074,0.0,0.0,0.44171779141104295,0,Antonio Amaya,Spain
879,0,1,0,0,0,113.0,1,0.0,0.7964601769911505,0.0,0.0,0,Nosa Igiebor,Nigeria
880,0,0,0,1,0,782.0,9,0.0,0.0,0.0,0.11508951406649617,0,Abraham González,Spain
881,0,0,0,1,0,3.0,1,0.0,0.0,0.0,30.0,0,Javier Aquino,Mexico
882,0,0,0,1,0,167.0,2,0.0,0.0,0.0,0.5389221556886228,0,Nikolaos Karabelas,Greece
883,0,0,0,1,0,90.0,2,0.0,0.0,0.0,1.0,0,Bojan Jokić,Slovenia
884,0,0,0,2,0,405.0,9,0.0,0.0,0.0,0.4444444444444444,0,Marcos Angeleri,Argentina
885,0,0,0,1,0,90.0,2,0.0,0.0,0.0,1.0,0,Sergio Pelegrín,Spain
886,0,0,0,4,0,533.0,12,0.0,0.0,0.0,0.6754221388367729,0,Aleksandar Pantić,Serbia
887,1,1,0,3,0,1302.0,13,0.06912442396313365,0.06912442396313365,0.0,0.2073732718894009,0,Víctor Álvarez,Spain
888,1,0,0,2,0,851.0,14,0.10575793184488837,0.0,0.0,0.21151586368977673,0,Oriol Riera,Spain
889,1,0,0,1,0,45.0,1,2.0,0.0,0.0,2.0,2,Fausto Rossi,Italy
890,0,0,0,1,0,860.0,10,0.0,0.0,0.0,0.10465116279069767,0,Nabil Ghilas,Algeria
891,0,0,0,4,0,1210.0,25,0.0,0.0,0.0,0.2975206611570248,0,Germán Lux,Argentina
892,0,0,0,2,0,581.0,10,0.0,0.0,0.0,0.3098106712564544,0,Arthur Boka,Côte d'Ivoire
893,0,0,0,1,0,45.0,1,0.0,0.0,0.0,2.0,0,Lorenzo Reyes,Chile
894,0,0,0,1,0,110.0,1,0.0,0.0,0.0,0.8181818181818181,0,Dejan Dražić,Serbia
895,0,0,0,2,0,335.0,9,0.0,0.0,0.0,0.5373134328358209,0,Marcelo Díaz,Chile
896,0,1,0,0,0,293.0,4,0.0,0.30716723549488056,0.0,0.0,0,Josep Señé,Spain
897,0,1,0,7,0,1460.0,18,0.0,0.06164383561643836,0.0,0.4315068493150685,0,Petros,Brazil
898,2,2,0,3,0,360.0,8,0.5,0.5,0.0,0.75,0,Juan Manuel Vargas,Peru
899,0,1,0,0,0,368.0,5,0.0,0.24456521739130435,0.0,0.0,0,Ricky van Wolfswinkel,Netherlands
900,1,0,0,4,0,880.0,15,0.10227272727272727,0.0,0.0,0.40909090909090906,0,Heiko Westermann,Germany
901,0,0,0,1,0,45.0,1,0.0,0.0,0.0,2.0,0,Jorge Morcillo,Spain
902,0,0,0,2,0,210.0,4,0.0,0.0,0.0,0.8571428571428572,0,Álvaro Pereira,Uruguay
903,0,0,0,6,0,743.0,16,0.0,0.0,0.0,0.7267833109017496,0,Santiago Vergini,Argentina
904,0,0,0,1,0,233.0,6,0.0,0.0,0.0,0.38626609442060084,0,Manu Fernández,Spain
905,0,1,0,1,0,402.0,8,0.0,0.22388059701492538,0.0,0.22388059701492538,0,Mauricio Cuero,Colombia
906,0,0,0,4,0,560.0,6,0.0,0.0,0.0,0.6428571428571428,0,Lucas Orbán,Argentina
907,0,0,0,1,0,718.0,14,0.0,0.0,0.0,0.12534818941504178,0,Aderllan Santos,Brazil
908,0,2,0,2,0,940.0,17,0.0,0.19148936170212766,0.0,0.19148936170212766,0,Benoît Trémoulinas,France
909,0,0,0,1,0,297.0,5,0.0,0.0,0.0,0.30303030303030304,0,Emmanuel Culio,Argentina
910,0,0,0,1,0,169.0,2,0.0,0.0,0.0,0.5325443786982248,0,Antolín Alcaraz,Paraguay
911,0,0,0,1,0,368.0,7,0.0,0.0,0.0,0.24456521739130435,0,Rachid Aït-Atmane,Algeria
912,1,0,0,0,0,602.0,12,0.14950166112956811,0.0,0.0,0.0,0,Carl Medjani,Algeria
913,0,0,0,1,0,91.0,1,0.0,0.0,0.0,0.989010989010989,0,Tachi Rodríguez,Spain
914,0,1,0,0,0,18.0,1,0.0,5.0,0.0,0.0,0,Matías Vargas,Argentina
915,0,1,0,2,0,255.0,3,0.0,0.3529411764705882,0.0,0.7058823529411764,0,Curro Sánchez,Spain
916,2,2,0,2,0,2101.0,21,0.08567348881485007,0.08567348881485007,0.0,0.08567348881485007,0,Pedri,Spain
917,7,0,0,1,0,1331.0,14,0.473328324567994,0.0,0.0,0.067618332081142,0,Ansu Fati,Spain
918,1,0,0,1,0,978.0,16,0.09202453987730062,0.0,0.0,0.09202453987730062,0,Ronald Araújo,Uruguay
919,0,0,0,1,0,263.0,5,0.0,0.0,0.0,0.34220532319391633,0,Ilaix Moriba,Guinea
920,1,0,0,0,0,792.0,9,0.11363636363636365,0.0,0.0,0.0,0,Dani Ndi,Cameroon
921,2,2,0,4,0,1595.0,20,0.11285266457680251,0.11285266457680251,0.0,0.22570532915360503,0,Óscar Mingueza,Spain
922,0,0,0,1,0,45.0,1,0.0,0.0,0.0,2.0,0,David Goldar,Spain
923,0,0,0,1,0,45.0,1,0.0,0.0,0.0,2.0,0,Carlos Domínguez,Spain
924,0,0,0,1,0,143.0,2,0.0,0.0,0.0,0.6293706293706294,0,Miguel Muñoz,Spain
