match_id,match_date,kick_off,home_team,away_team,home_score,away_score,match_week,season_name,season_start,season_end,home_result,away_result
9880,2018-04-14,16:15,217,207,2,1,32,2017/2018,2017,2018,Win,Lose
9912,2018-04-29,20:45,219,217,2,4,35,2017/2018,2017,2018,Lose,Win
9924,2018-05-06,20:45,217,220,2,2,36,2017/2018,2017,2018,Draw,Draw
9855,2018-03-18,16:15,217,215,2,0,29,2017/2018,2017,2018,Win,Lose
9827,2018-03-01,21:00,208,217,1,1,26,2017/2018,2017,2018,Draw,Draw
9799,2018-02-17,16:15,322,217,0,2,24,2017/2018,2017,2018,Lose,Win
9636,2017-10-01,16:15,217,208,3,0,7,2017/2018,2017,2018,Win,Lose
9609,2017-09-19,22:00,217,322,6,1,5,2017/2018,2017,2018,Win,Lose
9575,2017-08-20,20:15,217,218,2,0,1,2017/2018,2017,2018,Win,Lose
9928,2018-05-09,20:00,217,222,5,1,34,2017/2018,2017,2018,Win,Lose
9736,2017-12-23,13:00,220,217,0,3,17,2017/2018,2017,2018,Lose,Win
9742,2018-01-07,16:15,217,221,3,0,18,2017/2018,2017,2018,Win,Lose
9765,2018-01-21,20:45,218,217,0,5,20,2017/2018,2017,2018,Lose,Win
9661,2017-10-28,20:45,215,217,0,2,10,2017/2018,2017,2018,Lose,Win
9592,2017-09-09,20:45,217,214,5,0,3,2017/2018,2017,2018,Win,Lose
9870,2018-04-07,20:45,217,205,3,1,31,2017/2018,2017,2018,Win,Lose
9783,2018-02-04,16:15,214,217,1,1,22,2017/2018,2017,2018,Draw,Draw
9700,2017-12-02,13:00,217,209,2,2,14,2017/2018,2017,2018,Draw,Draw
9860,2018-03-31,20:45,213,217,2,2,30,2017/2018,2017,2018,Draw,Draw
9695,2017-11-26,20:45,207,217,1,1,13,2017/2018,2017,2018,Draw,Draw
9794,2018-02-11,16:15,217,216,0,0,23,2017/2018,2017,2018,Draw,Draw
9717,2017-12-10,20:45,222,217,0,2,15,2017/2018,2017,2018,Lose,Win
9673,2017-11-04,20:45,217,213,2,1,11,2017/2018,2017,2018,Win,Lose
9650,2017-10-21,20:45,217,223,2,0,9,2017/2018,2017,2018,Win,Lose
9620,2017-09-23,20:45,211,217,0,3,6,2017/2018,2017,2018,Lose,Win
9837,2018-03-04,16:15,217,212,1,0,27,2017/2018,2017,2018,Win,Lose
9811,2018-02-24,20:45,217,211,6,1,25,2017/2018,2017,2018,Win,Lose
9642,2017-10-14,20:45,212,217,1,1,8,2017/2018,2017,2018,Draw,Draw
9774,2018-01-28,20:45,217,206,2,1,21,2017/2018,2017,2018,Win,Lose
9602,2017-09-16,16:15,216,217,1,2,4,2017/2018,2017,2018,Lose,Win
9948,2018-05-20,20:45,217,210,1,0,38,2017/2018,2017,2018,Win,Lose
9682,2017-11-18,16:15,205,217,0,3,12,2017/2018,2017,2018,Lose,Win
9581,2017-08-26,18:15,206,217,0,2,2,2017/2018,2017,2018,Lose,Win
9726,2017-12-17,20:45,217,219,4,0,16,2017/2018,2017,2018,Win,Lose
9754,2018-01-14,20:45,210,217,2,4,19,2017/2018,2017,2018,Lose,Win
9889,2018-04-17,21:00,209,217,2,2,33,2017/2018,2017,2018,Draw,Draw
266989,2016-11-06,20:45,213,217,1,2,11,2016/2017,2016,2017,Lose,Win
266357,2016-12-10,13:00,422,217,0,3,15,2016/2017,2016,2017,Lose,Win
267569,2017-04-23,20:45,220,217,2,3,33,2016/2017,2016,2017,Lose,Win
267212,2016-09-17,13:00,205,217,1,5,4,2016/2017,2016,2017,Lose,Win
266669,2016-09-10,20:30,217,206,1,2,3,2016/2017,2016,2017,Lose,Win
266892,2016-08-28,20:15,215,217,0,1,2,2016/2017,2016,2017,Lose,Win
267220,2016-09-21,22:00,217,212,1,1,5,2016/2017,2016,2017,Draw,Draw
267670,2016-08-20,18:15,217,218,6,2,1,2016/2017,2016,2017,Win,Lose
266516,2017-01-29,12:00,218,217,1,1,20,2016/2017,2016,2017,Draw,Draw
267039,2017-05-14,20:00,208,217,1,4,37,2016/2017,2016,2017,Lose,Win
266477,2017-01-08,20:45,222,217,1,1,17,2016/2017,2016,2017,Draw,Draw
267101,2017-04-26,19:30,217,422,7,1,34,2016/2017,2016,2017,Win,Lose
266440,2017-03-19,20:45,217,207,4,2,28,2016/2017,2016,2017,Win,Lose
266033,2016-10-22,16:15,207,217,2,3,9,2016/2017,2016,2017,Lose,Win
267660,2017-03-12,16:15,219,217,2,1,27,2016/2017,2016,2017,Win,Lose
266273,2017-02-11,16:15,206,217,0,6,22,2016/2017,2016,2017,Lose,Win
267395,2017-01-14,16:15,217,208,5,0,18,2016/2017,2016,2017,Win,Lose
266874,2017-02-04,16:15,217,215,3,0,21,2016/2017,2016,2017,Win,Lose
266731,2017-01-22,20:45,322,217,0,4,19,2016/2017,2016,2017,Lose,Win
266528,2016-12-18,20:45,217,214,4,1,16,2016/2017,2016,2017,Win,Lose
266280,2017-04-05,19:30,217,213,3,0,30,2016/2017,2016,2017,Win,Lose
267432,2017-05-21,20:00,217,322,4,2,38,2016/2017,2016,2017,Win,Lose
267076,2016-12-03,16:15,217,220,1,1,14,2016/2017,2016,2017,Draw,Draw
267590,2017-04-08,20:45,223,217,2,0,31,2016/2017,2016,2017,Win,Lose
267373,2017-04-15,20:45,217,210,3,2,32,2016/2017,2016,2017,Win,Lose
267077,2017-04-29,20:45,214,217,0,3,35,2016/2017,2016,2017,Lose,Win
266952,2017-05-06,18:30,217,222,4,1,36,2016/2017,2016,2017,Win,Lose
267464,2017-02-26,16:15,212,217,1,2,24,2016/2017,2016,2017,Lose,Win
266299,2017-03-04,20:45,217,209,5,0,26,2016/2017,2016,2017,Win,Lose
266191,2016-11-27,20:45,210,217,1,1,13,2016/2017,2016,2017,Draw,Draw
265952,2017-03-01,19:30,217,1041,6,1,25,2016/2017,2016,2017,Win,Lose
267492,2016-10-15,16:15,217,219,4,0,8,2016/2017,2016,2017,Win,Lose
267596,2017-02-19,20:45,217,205,2,1,23,2016/2017,2016,2017,Win,Lose
267058,2016-10-29,20:45,217,1049,1,0,10,2016/2017,2016,2017,Win,Lose
69243,2010-01-16,22:00,217,213,4,0,18,2009/2010,2009,2010,Win,Lose
69241,2010-05-04,20:00,217,627,4,1,36,2009/2010,2009,2010,Win,Lose
69239,2010-05-08,21:00,213,217,2,3,37,2009/2010,2009,2010,Lose,Win
69257,2010-03-24,20:00,217,422,2,0,28,2009/2010,2009,2010,Win,Lose
69253,2009-10-25,21:00,217,395,6,1,8,2009/2010,2009,2010,Win,Lose
69244,2010-05-01,22:00,222,217,1,4,35,2009/2010,2009,2010,Lose,Win
69277,2009-10-31,20:00,422,217,1,1,9,2009/2010,2009,2010,Draw,Draw
69229,2009-09-12,18:00,216,217,0,2,2,2009/2010,2009,2010,Lose,Win
69219,2010-01-10,21:00,627,217,0,5,17,2009/2010,2009,2010,Lose,Win
69218,2009-12-05,22:00,219,217,1,3,13,2009/2010,2009,2010,Lose,Win
69250,2009-11-07,20:00,217,1043,4,2,10,2009/2010,2009,2010,Win,Lose
69242,2010-05-16,19:00,217,901,4,0,38,2009/2010,2009,2010,Win,Lose
69256,2009-10-03,20:00,217,403,1,0,6,2009/2010,2009,2010,Win,Lose
69298,2010-03-27,20:00,1043,217,0,1,29,2009/2010,2009,2010,Lose,Win
69259,2010-04-10,22:00,220,217,0,2,31,2009/2010,2009,2010,Lose,Win
69224,2010-03-14,19:00,217,207,3,0,26,2009/2010,2009,2010,Win,Lose
69210,2010-01-23,20:00,901,217,0,3,19,2009/2010,2009,2010,Lose,Win
69220,2010-01-30,20:00,1041,217,0,1,20,2009/2010,2009,2010,Lose,Win
69237,2010-02-14,21:00,212,217,2,1,22,2009/2010,2009,2010,Win,Lose
69226,2010-03-06,20:00,403,217,2,2,25,2009/2010,2009,2010,Draw,Draw
69252,2009-10-17,22:00,207,217,0,0,7,2009/2010,2009,2010,Draw,Draw
69255,2009-09-26,20:00,223,217,0,2,5,2009/2010,2009,2010,Lose,Win
69214,2010-04-24,18:00,217,1219,3,1,34,2009/2010,2009,2010,Win,Lose
69262,2009-11-29,19:00,217,220,1,0,12,2009/2010,2009,2010,Win,Lose
69240,2010-02-06,20:00,217,216,2,1,21,2009/2010,2009,2010,Win,Lose
69233,2010-02-20,20:00,217,1217,4,0,23,2009/2010,2009,2010,Win,Lose
69213,2010-04-17,20:00,214,217,0,0,33,2009/2010,2009,2010,Draw,Draw
69238,2010-02-27,22:00,217,223,2,1,24,2009/2010,2009,2010,Win,Lose
69267,2009-12-02,22:00,1219,217,0,2,15,2009/2010,2009,2010,Lose,Win
69288,2009-11-21,22:00,215,217,1,1,11,2009/2010,2009,2010,Draw,Draw
69254,2009-09-22,22:00,1217,217,1,4,4,2009/2010,2009,2010,Lose,Win
69292,2009-09-19,22:00,217,212,5,2,3,2009/2010,2009,2010,Win,Lose
69227,2010-03-21,21:00,395,217,2,4,27,2009/2010,2009,2010,Lose,Win
69247,2010-04-03,20:00,217,215,4,1,30,2009/2010,2009,2010,Win,Lose
69221,2010-04-14,22:00,217,219,3,0,32,2009/2010,2009,2010,Win,Lose
69276,2011-02-05,22:00,217,212,3,0,22,2010/2011,2010,2011,Win,Lose
69304,2011-04-02,22:00,222,217,0,1,30,2010/2011,2010,2011,Lose,Win
69307,2010-12-04,20:45,422,217,0,3,14,2010/2011,2010,2011,Lose,Win
69271,2011-04-23,20:00,217,422,2,0,33,2010/2011,2010,2011,Win,Lose
69305,2011-04-09,20:00,217,403,3,1,31,2010/2011,2010,2011,Win,Lose
69278,2011-01-16,21:00,217,223,4,1,19,2010/2011,2010,2011,Win,Lose
69275,2010-12-18,20:00,214,217,1,5,16,2010/2011,2010,2011,Lose,Win
69295,2011-01-22,20:00,217,1217,3,0,20,2010/2011,2010,2011,Win,Lose
69270,2010-11-07,19:00,216,217,1,3,10,2010/2011,2010,2011,Lose,Win
69303,2011-03-19,20:00,217,216,2,1,29,2010/2011,2010,2011,Win,Lose
69245,2011-04-16,22:00,220,217,1,1,32,2010/2011,2010,2011,Draw,Draw
69287,2010-09-11,18:00,217,1218,0,2,2,2010/2011,2010,2011,Lose,Win
69296,2011-01-29,20:00,1218,217,0,3,21,2010/2011,2010,2011,Lose,Win
69260,2010-10-16,20:00,217,207,2,1,7,2010/2011,2010,2011,Win,Lose
69269,2010-09-19,19:00,212,217,1,2,3,2010/2011,2010,2011,Lose,Win
69246,2011-04-30,20:00,210,217,2,1,34,2010/2011,2010,2011,Win,Lose
69302,2010-12-12,21:00,217,210,5,0,15,2010/2011,2010,2011,Win,Lose
69282,2011-02-20,21:00,217,215,2,1,24,2010/2011,2010,2011,Win,Lose
69274,2011-03-02,22:00,207,217,0,1,26,2010/2011,2010,2011,Lose,Win
69283,2011-02-26,20:00,1043,217,0,3,25,2010/2011,2010,2011,Lose,Win
69280,2011-01-08,22:00,219,217,0,4,18,2010/2011,2010,2011,Lose,Win
69286,2010-08-29,19:00,1217,217,0,3,1,2010/2011,2010,2011,Lose,Win
69291,2011-03-13,21:00,213,217,1,1,28,2010/2011,2010,2011,Draw,Draw
69236,2010-10-03,19:00,217,1043,1,1,6,2010/2011,2010,2011,Draw,Draw
69234,2011-05-08,19:00,217,214,2,0,35,2010/2011,2010,2011,Win,Lose
69272,2011-05-11,20:00,221,217,1,1,36,2010/2011,2010,2011,Draw,Draw
69308,2010-11-13,22:00,217,222,3,1,11,2010/2011,2010,2011,Win,Lose
69299,2010-11-29,21:00,217,220,5,0,13,2010/2011,2010,2011,Win,Lose
69300,2011-03-05,20:00,217,395,1,0,27,2010/2011,2010,2011,Win,Lose
69289,2010-10-30,22:00,217,213,5,0,9,2010/2011,2010,2011,Win,Lose
69263,2010-10-23,18:00,395,217,0,2,8,2010/2011,2010,2011,Lose,Win
69306,2010-11-20,20:00,403,217,0,8,12,2010/2011,2010,2011,Lose,Win
69248,2011-02-12,20:00,1041,217,1,1,23,2010/2011,2010,2011,Draw,Draw
69328,2012-02-19,21:30,217,207,5,1,24,2011/2012,2011,2012,Win,Lose
69329,2011-10-22,22:00,217,213,0,0,9,2011/2012,2011,2012,Draw,Draw
70219,2012-04-07,20:00,395,217,1,4,32,2011/2012,2011,2012,Lose,Win
69331,2011-11-19,20:00,217,395,4,0,13,2011/2012,2011,2012,Win,Lose
69337,2012-02-26,21:30,212,217,1,2,25,2011/2012,2011,2012,Lose,Win
69322,2012-03-11,18:00,1217,217,0,2,27,2011/2012,2011,2012,Lose,Win
69316,2012-02-04,22:00,217,210,2,1,22,2011/2012,2011,2012,Win,Lose
69332,2011-11-29,21:00,217,360,4,0,17,2011/2012,2011,2012,Win,Lose
69335,2012-01-22,18:00,223,217,1,4,1,2011/2012,2011,2012,Lose,Win
69330,2011-11-06,20:00,215,217,2,2,12,2011/2012,2011,2012,Draw,Draw
69297,2011-09-24,22:00,217,212,5,0,6,2011/2012,2011,2012,Win,Lose
69325,2012-03-24,18:00,1043,217,0,2,30,2011/2012,2011,2012,Lose,Win
69324,2012-04-21,20:00,217,220,1,2,35,2011/2012,2011,2012,Lose,Win
70225,2012-03-20,21:00,217,1049,5,3,29,2011/2012,2011,2012,Win,Lose
69293,2011-10-15,20:00,217,1217,3,0,8,2011/2012,2011,2012,Win,Lose
70223,2011-09-21,22:00,207,217,2,2,5,2011/2012,2011,2012,Draw,Draw
69333,2011-12-03,20:00,217,221,5,0,15,2011/2012,2011,2012,Win,Lose
69264,2011-09-10,18:00,210,217,2,2,3,2011/2012,2011,2012,Draw,Draw
69343,2012-04-10,21:00,217,216,4,0,33,2011/2012,2011,2012,Win,Lose
69340,2012-05-02,20:00,217,223,4,1,20,2011/2012,2011,2012,Win,Lose
69265,2011-10-02,20:00,1041,217,0,1,7,2011/2012,2011,2012,Lose,Win
69319,2012-05-12,22:00,218,217,2,2,38,2011/2012,2011,2012,Draw,Draw
69334,2011-12-10,22:00,220,217,1,3,16,2011/2012,2011,2012,Lose,Win
69327,2012-01-15,21:30,217,218,4,2,19,2011/2012,2011,2012,Win,Lose
69315,2011-11-26,22:00,216,217,1,0,14,2011/2012,2011,2012,Win,Lose
69336,2012-02-11,20:00,422,217,3,2,23,2011/2012,2011,2012,Win,Lose
69326,2012-03-17,20:00,213,217,0,2,28,2011/2012,2011,2012,Lose,Win
69268,2011-08-29,21:00,217,222,5,0,2,2011/2012,2011,2012,Win,Lose
69320,2012-05-05,21:00,217,214,4,0,37,2011/2012,2011,2012,Win,Lose
69312,2012-01-08,21:30,214,217,1,1,18,2011/2012,2011,2012,Draw,Draw
69314,2011-10-29,20:00,217,1043,5,0,11,2011/2012,2011,2012,Win,Lose
69318,2011-10-25,20:00,1049,217,0,1,10,2011/2012,2011,2012,Lose,Win
69338,2012-01-28,22:00,222,217,0,0,21,2011/2012,2011,2012,Draw,Draw
70220,2011-09-17,20:00,217,422,8,0,4,2011/2012,2011,2012,Win,Lose
70224,2012-04-29,21:30,360,217,0,7,36,2011/2012,2011,2012,Lose,Win
70221,2012-04-14,22:00,221,217,1,2,34,2011/2012,2011,2012,Lose,Win
69323,2012-03-31,22:00,217,215,2,0,31,2011/2012,2011,2012,Win,Lose
266015,2012-12-22,18:00,901,217,1,3,17,2012/2013,2012,2013,Lose,Win
70270,2012-09-22,22:00,217,1049,2,0,5,2012/2013,2012,2013,Win,Lose
70281,2013-05-05,21:00,217,218,4,2,34,2012/2013,2012,2013,Win,Lose
70308,2012-11-03,18:00,217,209,3,1,10,2012/2013,2012,2013,Win,Lose
70282,2013-02-03,19:00,207,217,1,1,22,2012/2013,2012,2013,Draw,Draw
266724,2012-11-11,17:50,1043,217,2,4,11,2012/2013,2012,2013,Lose,Win
70272,2013-03-02,16:00,220,217,2,1,26,2012/2013,2012,2013,Win,Lose
70304,2012-10-20,22:00,219,217,4,5,8,2012/2013,2012,2013,Lose,Win
70280,2012-11-25,21:00,221,217,0,4,13,2012/2013,2012,2013,Lose,Win
70296,2012-12-16,21:00,217,212,4,1,16,2012/2013,2012,2013,Win,Lose
70297,2013-02-10,12:00,217,216,6,1,23,2012/2013,2012,2013,Win,Lose
266433,2013-01-06,19:00,217,214,4,0,18,2012/2013,2012,2013,Win,Lose
70256,2013-03-30,18:00,209,217,2,2,29,2012/2013,2012,2013,Draw,Draw
70259,2012-08-19,21:00,217,210,5,1,1,2012/2013,2012,2013,Win,Lose
70260,2013-01-27,19:00,217,422,5,1,21,2012/2013,2012,2013,Win,Lose
70263,2012-12-01,20:00,217,215,5,1,14,2012/2013,2012,2013,Win,Lose
70276,2012-10-27,22:00,360,217,0,5,9,2012/2013,2012,2013,Lose,Win
70287,2013-01-19,18:00,210,217,3,2,20,2012/2013,2012,2013,Win,Lose
70284,2013-05-12,19:00,212,217,1,2,35,2012/2013,2012,2013,Lose,Win
70275,2012-09-29,22:00,213,217,2,3,6,2012/2013,2012,2013,Lose,Win
70286,2012-09-02,21:30,217,207,1,0,3,2012/2013,2012,2013,Win,Lose
70309,2012-11-17,20:00,217,395,3,1,12,2012/2013,2012,2013,Win,Lose
70300,2012-10-07,19:50,217,220,2,2,7,2012/2013,2012,2013,Draw,Draw
70295,2012-12-09,21:00,218,217,1,2,15,2012/2013,2012,2013,Lose,Win
70307,2013-03-17,21:00,217,360,3,1,28,2012/2013,2012,2013,Win,Lose
70305,2013-03-09,20:00,217,219,2,0,27,2012/2013,2012,2013,Win,Lose
266827,2013-01-13,21:00,223,217,1,3,19,2012/2013,2012,2013,Lose,Win
267502,2013-04-27,18:00,215,217,2,2,33,2012/2013,2012,2013,Draw,Draw
70271,2013-02-23,22:00,217,213,2,1,25,2012/2013,2012,2013,Win,Lose
70294,2013-02-16,20:00,1049,217,1,2,24,2012/2013,2012,2013,Lose,Win
70262,2012-08-26,19:00,422,217,1,2,2,2012/2013,2012,2013,Lose,Win
70292,2012-09-15,20:00,216,217,1,4,4,2012/2013,2012,2013,Lose,Win
267368,2014-04-05,18:00,217,218,3,1,32,2013/2014,2013,2014,Win,Lose
70301,2013-09-14,20:00,217,213,3,2,4,2013/2014,2013,2014,Win,Lose
70298,2013-09-01,21:00,207,217,2,3,3,2013/2014,2013,2014,Lose,Win
70302,2013-09-21,20:00,360,217,0,4,5,2013/2014,2013,2014,Lose,Win
70291,2014-01-26,21:00,217,223,3,0,21,2013/2014,2013,2014,Win,Lose
267138,2014-04-12,20:00,1049,217,1,0,33,2013/2014,2013,2014,Win,Lose
267520,2013-09-24,20:00,217,210,4,1,6,2013/2014,2013,2014,Win,Lose
70289,2014-04-27,21:00,222,217,2,3,35,2013/2014,2013,2014,Lose,Win
266066,2014-03-02,21:00,217,403,4,1,26,2013/2014,2013,2014,Win,Lose
267675,2014-02-09,21:00,213,217,1,4,23,2013/2014,2013,2014,Lose,Win
70288,2014-01-19,19:00,221,217,1,1,20,2013/2014,2013,2014,Draw,Draw
266074,2014-03-16,17:00,217,422,7,0,28,2013/2014,2013,2014,Win,Lose
267567,2014-04-20,21:00,217,215,2,1,34,2013/2014,2013,2014,Win,Lose
266201,2014-05-11,19:00,1042,217,0,0,37,2013/2014,2013,2014,Draw,Draw
266274,2014-03-26,20:00,217,209,3,0,30,2013/2014,2013,2014,Win,Lose
70293,2013-10-26,18:00,217,220,2,1,10,2013/2014,2013,2014,Win,Lose
265918,2014-02-15,20:00,217,360,6,0,24,2013/2014,2013,2014,Win,Lose
70277,2013-08-18,19:00,217,221,7,0,1,2013/2014,2013,2014,Win,Lose
70283,2013-11-01,21:00,217,214,1,0,12,2013/2014,2013,2014,Win,Lose
70306,2014-03-29,16:00,214,217,0,1,31,2013/2014,2013,2014,Lose,Win
266256,2014-05-17,18:00,217,212,1,1,38,2013/2014,2013,2014,Draw,Draw
266613,2014-02-01,16:00,217,207,2,3,22,2013/2014,2013,2014,Lose,Win
266491,2014-05-03,16:00,217,216,2,2,36,2013/2014,2013,2014,Draw,Draw
265830,2014-01-11,20:00,212,217,0,0,19,2013/2014,2013,2014,Draw,Draw
265857,2014-03-23,21:00,220,217,3,4,29,2013/2014,2013,2014,Lose,Win
266883,2013-11-10,21:00,218,217,1,4,13,2013/2014,2013,2014,Lose,Win
266603,2014-03-08,16:00,901,217,1,0,27,2013/2014,2013,2014,Win,Lose
265837,2014-02-22,20:00,210,217,3,1,25,2013/2014,2013,2014,Win,Lose
266462,2013-10-19,20:00,422,217,0,0,9,2013/2014,2013,2014,Draw,Draw
267192,2013-10-29,22:00,209,217,0,3,11,2013/2014,2013,2014,Lose,Win
266420,2013-09-28,18:00,403,217,0,2,7,2013/2014,2013,2014,Lose,Win
267183,2015-03-22,21:00,217,220,2,1,28,2014/2015,2014,2015,Win,Lose
265835,2014-11-22,20:00,217,213,5,1,12,2014/2015,2014,2015,Win,Lose
266838,2014-09-24,22:00,223,217,0,0,5,2014/2015,2014,2015,Draw,Draw
265963,2015-04-28,20:00,217,216,6,0,34,2014/2015,2014,2015,Win,Lose
266117,2014-09-27,18:00,217,1049,6,0,6,2014/2015,2014,2015,Win,Lose
266916,2015-03-08,12:00,217,360,6,1,26,2014/2015,2014,2015,Win,Lose
267197,2015-05-23,18:30,217,219,2,2,38,2014/2015,2014,2015,Draw,Draw
70264,2014-12-13,16:00,216,217,0,0,15,2014/2015,2014,2015,Draw,Draw
70273,2014-09-13,16:00,217,215,2,0,3,2014/2015,2014,2015,Win,Lose
267301,2014-11-01,20:00,217,209,0,1,10,2014/2015,2014,2015,Lose,Win
265896,2014-10-18,20:00,217,322,3,0,8,2014/2015,2014,2015,Win,Lose
265866,2015-05-02,16:00,373,217,0,8,35,2014/2015,2014,2015,Lose,Win
267400,2015-04-08,20:00,217,403,4,0,30,2014/2015,2014,2015,Win,Lose
266406,2014-08-31,19:00,222,217,0,1,2,2014/2015,2014,2015,Lose,Win
267085,2014-10-25,18:00,220,217,3,1,9,2014/2015,2014,2015,Win,Lose
267561,2014-10-04,18:00,360,217,0,2,7,2014/2015,2014,2015,Lose,Win
266148,2015-02-21,16:00,217,223,0,1,24,2014/2015,2014,2015,Lose,Win
266045,2015-05-09,18:00,217,210,2,0,36,2014/2015,2014,2015,Win,Lose
70303,2015-01-11,21:00,217,212,3,1,18,2014/2015,2014,2015,Win,Lose
266240,2015-01-04,21:00,210,217,1,0,17,2014/2015,2014,2015,Win,Lose
267597,2015-02-01,21:00,217,222,3,2,21,2014/2015,2014,2015,Win,Lose
266794,2015-01-24,18:00,1042,217,0,6,20,2014/2015,2014,2015,Lose,Win
267343,2015-02-28,16:00,1049,217,1,3,25,2014/2015,2014,2015,Lose,Win
266631,2015-05-17,19:00,212,217,0,1,37,2014/2015,2014,2015,Lose,Win
266320,2014-12-07,17:00,217,214,5,1,14,2014/2015,2014,2015,Win,Lose
266230,2015-01-18,19:00,219,217,0,4,19,2014/2015,2014,2015,Lose,Win
266525,2015-04-18,16:00,217,207,2,0,32,2014/2015,2014,2015,Win,Lose
266560,2014-11-30,21:00,207,217,0,1,13,2014/2015,2014,2015,Lose,Win
266846,2014-12-20,16:00,217,373,5,0,16,2014/2015,2014,2015,Win,Lose
266531,2015-04-25,16:00,214,217,0,2,33,2014/2015,2014,2015,Lose,Win
266921,2014-08-24,21:00,217,1042,3,0,1,2014/2015,2014,2015,Win,Lose
267499,2014-11-08,16:00,403,217,1,2,11,2014/2015,2014,2015,Lose,Win
266741,2015-02-15,17:00,217,221,5,0,23,2014/2015,2014,2015,Win,Lose
266871,2015-02-08,21:00,215,217,2,5,22,2014/2015,2014,2015,Lose,Win
266967,2015-03-14,18:00,322,217,0,2,27,2014/2015,2014,2015,Lose,Win
266929,2015-04-05,21:00,209,217,0,1,29,2014/2015,2014,2015,Lose,Win
266770,2014-09-21,21:00,221,217,0,5,4,2014/2015,2014,2015,Lose,Win
266142,2015-04-11,20:00,213,217,2,2,31,2014/2015,2014,2015,Draw,Draw
3825848,2015-09-23,20:00,221,322,2,2,5,2015/2016,2015,2016,Draw,Draw
3825895,2015-09-23,22:00,208,213,2,0,5,2015/2016,2015,2016,Win,Lose
3825894,2016-05-01,18:15,219,216,0,2,36,2015/2016,2015,2016,Lose,Win
3825855,2016-05-02,20:30,223,221,3,1,36,2015/2016,2015,2016,Win,Lose
3825908,2016-05-15,19:00,214,322,4,2,38,2015/2016,2015,2016,Win,Lose
3825883,2016-05-15,12:00,223,208,4,1,38,2015/2016,2015,2016,Win,Lose
3825900,2016-05-15,19:30,1041,222,2,0,38,2015/2016,2015,2016,Win,Lose
3825902,2016-05-15,19:30,360,221,3,1,38,2015/2016,2015,2016,Win,Lose
3825876,2016-05-15,19:30,218,216,2,1,38,2015/2016,2015,2016,Win,Lose
3825846,2016-05-14,17:00,219,220,0,2,38,2015/2016,2015,2016,Lose,Win
3825869,2016-05-14,19:30,215,213,3,1,38,2015/2016,2015,2016,Win,Lose
3825882,2016-05-14,19:30,212,209,2,0,38,2015/2016,2015,2016,Win,Lose
3825849,2016-05-13,20:30,207,210,0,1,38,2015/2016,2015,2016,Lose,Win
3825860,2016-05-08,17:00,221,212,2,1,37,2015/2016,2015,2016,Win,Lose
3825847,2016-04-23,22:05,322,219,1,1,35,2015/2016,2015,2016,Draw,Draw
3825817,2016-03-18,21:30,216,322,1,1,30,2015/2016,2015,2016,Draw,Draw
3825778,2016-02-20,21:30,218,1041,1,1,25,2015/2016,2015,2016,Draw,Draw
3825777,2016-02-19,21:30,221,216,3,0,25,2015/2016,2015,2016,Win,Lose
3825740,2016-01-18,21:30,322,1049,5,1,20,2015/2016,2015,2016,Win,Lose
3825875,2016-04-24,20:30,222,210,0,0,35,2015/2016,2015,2016,Draw,Draw
3825884,2016-04-24,16:00,213,218,2,0,35,2015/2016,2015,2016,Win,Lose
3825842,2016-04-24,12:00,221,215,2,2,35,2015/2016,2015,2016,Draw,Draw
3825890,2016-04-23,18:15,212,223,1,0,35,2015/2016,2015,2016,Win,Lose
3825871,2016-04-22,21:00,208,214,4,0,35,2015/2016,2015,2016,Win,Lose
3825896,2016-04-21,21:00,1049,221,5,1,34,2015/2016,2015,2016,Win,Lose
3825841,2016-04-21,20:30,210,216,1,2,34,2015/2016,2015,2016,Lose,Win
3825843,2016-04-20,20:45,223,360,1,1,34,2015/2016,2015,2016,Draw,Draw
3825839,2016-04-20,20:45,1041,213,2,1,34,2015/2016,2015,2016,Win,Lose
3825838,2016-04-20,20:45,215,212,0,1,34,2015/2016,2015,2016,Lose,Win
3825840,2016-04-20,20:45,207,322,4,0,34,2015/2016,2015,2016,Win,Lose
3825837,2016-04-19,21:00,218,208,1,0,34,2015/2016,2015,2016,Win,Lose
3825836,2016-04-17,18:15,360,222,2,1,33,2015/2016,2015,2016,Win,Lose
3825835,2016-04-17,12:00,223,215,0,1,33,2015/2016,2015,2016,Lose,Win
3825834,2016-04-17,18:15,212,1049,3,0,33,2015/2016,2015,2016,Win,Lose
3825906,2016-04-17,16:00,213,219,1,1,33,2015/2016,2015,2016,Draw,Draw
3825897,2016-04-16,20:30,322,210,2,1,33,2015/2016,2015,2016,Win,Lose
3825889,2016-04-16,22:05,209,218,1,1,33,2015/2016,2015,2016,Draw,Draw
3825833,2016-04-16,16:00,216,220,1,5,33,2015/2016,2015,2016,Lose,Win
3825857,2016-04-15,20:30,221,214,2,1,33,2015/2016,2015,2016,Win,Lose
3825863,2016-04-11,20:30,219,208,1,3,32,2015/2016,2015,2016,Lose,Win
3825829,2016-04-10,20:30,215,360,1,0,32,2015/2016,2015,2016,Win,Lose
3825830,2016-04-10,18:15,222,216,2,0,32,2015/2016,2015,2016,Win,Lose
3825832,2016-04-10,12:00,1041,209,0,1,32,2015/2016,2015,2016,Lose,Win
3825831,2016-04-10,16:00,207,213,2,1,32,2015/2016,2015,2016,Win,Lose
3825828,2016-04-09,18:15,214,212,1,3,32,2015/2016,2015,2016,Lose,Win
3825827,2016-04-09,22:05,218,221,1,0,32,2015/2016,2015,2016,Win,Lose
3825826,2016-04-08,20:30,1049,223,0,0,32,2015/2016,2015,2016,Draw,Draw
3825825,2016-04-04,20:30,221,1041,0,0,31,2015/2016,2015,2016,Draw,Draw
3825824,2016-04-03,18:15,322,222,1,2,31,2015/2016,2015,2016,Lose,Win
3825823,2016-04-03,20:30,213,210,1,2,31,2015/2016,2015,2016,Lose,Win
3825905,2016-04-03,16:00,223,214,1,1,31,2015/2016,2015,2016,Draw,Draw
3825822,2016-04-02,18:15,208,207,2,1,31,2015/2016,2015,2016,Win,Lose
3825821,2016-03-20,13:00,214,215,2,1,30,2015/2016,2015,2016,Win,Lose
3825820,2016-03-20,21:30,220,213,4,0,30,2015/2016,2015,2016,Win,Lose
3825819,2016-03-20,19:15,207,209,0,2,30,2015/2016,2015,2016,Lose,Win
3825818,2016-03-19,19:15,210,208,0,1,30,2015/2016,2015,2016,Lose,Win
3825887,2016-03-19,19:15,1049,360,2,2,30,2015/2016,2015,2016,Draw,Draw
3825907,2016-03-19,17:00,1041,212,2,1,30,2015/2016,2015,2016,Win,Lose
3825903,2016-03-19,23:05,218,223,0,1,30,2015/2016,2015,2016,Lose,Win
3825816,2016-03-13,17:00,213,222,4,2,29,2015/2016,2015,2016,Win,Lose
3825815,2016-03-13,13:00,221,207,1,0,29,2015/2016,2015,2016,Win,Lose
3825858,2016-03-12,23:05,360,322,1,1,29,2015/2016,2015,2016,Draw,Draw
3825813,2016-03-12,21:30,212,219,3,0,29,2015/2016,2015,2016,Win,Lose
3825814,2016-03-12,19:15,209,210,1,0,29,2015/2016,2015,2016,Win,Lose
3825812,2016-03-11,21:30,223,1041,1,0,29,2015/2016,2015,2016,Win,Lose
3825811,2016-03-07,21:30,214,360,2,1,28,2015/2016,2015,2016,Win,Lose
3825807,2016-03-06,21:30,207,212,1,3,28,2015/2016,2015,2016,Lose,Win
3825809,2016-03-06,13:00,218,1049,2,0,28,2015/2016,2015,2016,Win,Lose
3825810,2016-03-06,19:15,210,221,1,1,28,2015/2016,2015,2016,Draw,Draw
3825808,2016-03-06,19:15,1041,215,0,2,28,2015/2016,2015,2016,Lose,Win
3825804,2016-03-05,23:05,219,223,3,3,28,2015/2016,2015,2016,Draw,Draw
3825867,2016-03-05,21:30,216,213,1,1,28,2015/2016,2015,2016,Draw,Draw
3825805,2016-03-05,19:15,222,208,0,1,28,2015/2016,2015,2016,Lose,Win
3825784,2016-02-21,21:30,212,222,0,0,25,2015/2016,2015,2016,Draw,Draw
3825782,2016-02-21,19:15,1049,207,1,2,25,2015/2016,2015,2016,Lose,Win
3825757,2016-01-31,21:30,220,214,6,0,22,2015/2016,2015,2016,Win,Lose
3825641,2015-10-26,21:30,215,1041,3,0,9,2015/2016,2015,2016,Win,Lose
3825803,2016-03-03,21:00,1049,1041,2,0,27,2015/2016,2015,2016,Win,Lose
3825800,2016-03-02,23:00,209,222,0,0,27,2015/2016,2015,2016,Draw,Draw
3825801,2016-03-02,23:00,213,322,1,0,27,2015/2016,2015,2016,Win,Lose
3825799,2016-03-02,20:00,223,207,1,2,27,2015/2016,2015,2016,Lose,Win
3825797,2016-03-02,23:00,215,219,4,1,27,2015/2016,2015,2016,Win,Lose
3825798,2016-03-02,22:00,221,220,1,3,27,2015/2016,2015,2016,Lose,Win
3825796,2016-03-01,23:00,208,216,4,0,27,2015/2016,2015,2016,Win,Lose
3825795,2016-03-01,22:00,212,210,3,0,27,2015/2016,2015,2016,Win,Lose
3825793,2016-02-28,17:00,207,215,0,3,26,2015/2016,2015,2016,Lose,Win
3825792,2016-02-28,19:15,219,1049,0,1,26,2015/2016,2015,2016,Lose,Win
3825794,2016-02-28,13:00,222,221,3,0,26,2015/2016,2015,2016,Win,Lose
3825788,2016-02-27,19:15,216,209,0,1,26,2015/2016,2015,2016,Lose,Win
3825791,2016-02-27,21:30,218,360,2,2,26,2015/2016,2015,2016,Draw,Draw
3825790,2016-02-27,19:15,1041,214,2,4,26,2015/2016,2015,2016,Lose,Win
3825787,2016-02-27,17:00,220,212,0,1,26,2015/2016,2015,2016,Lose,Win
3825789,2016-02-27,23:05,210,223,1,1,26,2015/2016,2015,2016,Draw,Draw
3825786,2016-02-26,21:30,322,208,0,1,26,2015/2016,2015,2016,Lose,Win
3825781,2016-02-21,13:00,360,213,2,2,25,2015/2016,2015,2016,Draw,Draw
3825785,2016-02-21,17:00,223,220,1,1,25,2015/2016,2015,2016,Draw,Draw
3825783,2016-02-21,19:15,215,210,0,1,25,2015/2016,2015,2016,Lose,Win
3825780,2016-02-20,19:15,214,219,1,0,25,2015/2016,2015,2016,Win,Lose
3825779,2016-02-20,23:05,209,322,3,2,25,2015/2016,2015,2016,Win,Lose
3825773,2016-02-14,19:15,322,221,2,0,24,2015/2016,2015,2016,Win,Lose
3825776,2016-02-14,17:00,213,208,2,0,24,2015/2016,2015,2016,Win,Lose
3825775,2016-02-14,13:00,210,1049,3,0,24,2015/2016,2015,2016,Win,Lose
3825769,2016-02-13,19:15,222,223,1,0,24,2015/2016,2015,2016,Win,Lose
3825770,2016-02-13,17:00,220,215,4,2,24,2015/2016,2015,2016,Win,Lose
3825768,2016-02-12,21:30,1041,360,2,2,24,2015/2016,2015,2016,Draw,Draw
3825736,2016-01-17,13:00,207,360,2,2,20,2015/2016,2015,2016,Draw,Draw
3825731,2016-01-10,19:15,208,223,1,1,19,2015/2016,2015,2016,Draw,Draw
3825685,2015-12-06,19:15,1041,208,3,1,14,2015/2016,2015,2016,Win,Lose
3825678,2015-11-29,17:00,322,220,0,2,13,2015/2016,2015,2016,Lose,Win
3825643,2015-10-31,17:00,220,208,3,1,10,2015/2016,2015,2016,Win,Lose
3825642,2015-10-30,21:30,219,212,1,1,10,2015/2016,2015,2016,Draw,Draw
3825638,2015-10-25,20:30,212,207,2,1,9,2015/2016,2015,2016,Win,Lose
3825614,2015-10-03,18:15,1049,219,1,1,7,2015/2016,2015,2016,Draw,Draw
3825612,2015-09-27,18:15,216,221,3,0,6,2015/2016,2015,2016,Win,Lose
3825607,2015-09-26,20:30,222,212,1,0,6,2015/2016,2015,2016,Win,Lose
3825595,2015-09-20,18:15,222,215,3,1,4,2015/2016,2015,2016,Win,Lose
3825579,2015-08-30,20:30,213,212,0,3,2,2015/2016,2015,2016,Lose,Win
3825572,2015-08-29,22:30,220,218,5,0,2,2015/2016,2015,2016,Win,Lose
3825774,2016-02-14,19:15,216,212,0,1,24,2015/2016,2015,2016,Lose,Win
3825772,2016-02-13,21:30,207,214,2,1,24,2015/2016,2015,2016,Win,Lose
3825771,2016-02-13,23:05,219,218,2,2,24,2015/2016,2015,2016,Draw,Draw
3825767,2016-02-08,21:30,214,210,0,5,23,2015/2016,2015,2016,Lose,Win
3825706,2015-12-30,21:30,209,215,0,1,17,2015/2016,2015,2016,Lose,Win
3825712,2015-12-30,21:30,216,219,0,0,17,2015/2016,2015,2016,Draw,Draw
3825708,2015-12-30,17:00,221,223,0,1,17,2015/2016,2015,2016,Lose,Win
3825707,2015-12-30,22:00,208,1049,4,1,17,2015/2016,2015,2016,Win,Lose
3825705,2015-12-30,19:30,322,1041,2,0,17,2015/2016,2015,2016,Win,Lose
3825711,2015-12-30,19:15,360,212,0,2,17,2015/2016,2015,2016,Lose,Win
3825703,2015-12-20,19:15,215,221,2,0,16,2015/2016,2015,2016,Win,Lose
3825700,2015-12-20,17:00,220,360,10,2,16,2015/2016,2015,2016,Win,Lose
3825701,2015-12-20,21:30,223,212,1,0,16,2015/2016,2015,2016,Win,Lose
3825702,2015-12-20,19:15,210,222,0,2,16,2015/2016,2015,2016,Lose,Win
3825704,2015-12-20,19:15,1049,209,0,2,16,2015/2016,2015,2016,Lose,Win
3825891,2015-12-19,19:15,214,208,1,0,16,2015/2016,2015,2016,Win,Lose
3825699,2015-12-19,21:30,218,213,0,0,16,2015/2016,2015,2016,Draw,Draw
3825697,2015-12-19,17:00,207,216,2,2,16,2015/2016,2015,2016,Draw,Draw
3825698,2015-12-19,23:05,219,322,2,0,16,2015/2016,2015,2016,Win,Lose
3825694,2015-12-13,17:00,322,207,1,1,15,2015/2016,2015,2016,Draw,Draw
3825693,2015-12-13,19:15,212,215,2,1,15,2015/2016,2015,2016,Win,Lose
3825696,2015-12-13,13:00,360,223,1,2,15,2015/2016,2015,2016,Lose,Win
3825695,2015-12-13,21:30,222,220,1,0,15,2015/2016,2015,2016,Win,Lose
3825689,2015-12-12,19:15,209,214,1,0,15,2015/2016,2015,2016,Win,Lose
3825690,2015-12-12,23:05,208,218,1,0,15,2015/2016,2015,2016,Win,Lose
3825692,2015-12-12,21:30,213,1041,2,0,15,2015/2016,2015,2016,Win,Lose
3825691,2015-12-12,19:15,221,1049,1,2,15,2015/2016,2015,2016,Lose,Win
3825688,2015-12-11,21:30,216,210,1,1,15,2015/2016,2015,2016,Draw,Draw
3825687,2015-12-07,21:30,214,221,1,1,14,2015/2016,2015,2016,Draw,Draw
3825683,2015-12-06,13:00,210,322,2,1,14,2015/2016,2015,2016,Win,Lose
3825686,2015-12-06,21:30,215,223,0,0,14,2015/2016,2015,2016,Draw,Draw
3825684,2015-12-06,17:00,222,360,2,1,14,2015/2016,2015,2016,Win,Lose
3825681,2015-12-05,17:00,220,216,4,1,14,2015/2016,2015,2016,Win,Lose
3825682,2015-12-05,19:15,1049,212,0,2,14,2015/2016,2015,2016,Lose,Win
3825680,2015-12-05,23:00,219,213,1,1,14,2015/2016,2015,2016,Draw,Draw
3825677,2015-11-29,21:30,213,207,1,0,13,2015/2016,2015,2016,Win,Lose
3825675,2015-11-29,19:15,360,215,0,3,13,2015/2016,2015,2016,Lose,Win
3825676,2015-11-29,13:00,216,222,2,0,13,2015/2016,2015,2016,Win,Lose
3825674,2015-11-28,19:15,212,214,1,0,13,2015/2016,2015,2016,Win,Lose
3825673,2015-11-28,23:00,208,219,0,2,13,2015/2016,2015,2016,Lose,Win
3825671,2015-11-28,23:05,209,1041,2,1,13,2015/2016,2015,2016,Win,Lose
3825672,2015-11-28,21:30,223,1049,2,2,13,2015/2016,2015,2016,Draw,Draw
3825670,2015-11-27,21:30,221,218,0,1,13,2015/2016,2015,2016,Lose,Win
3825669,2015-11-23,21:30,216,360,1,1,12,2015/2016,2015,2016,Draw,Draw
3825668,2015-11-22,13:00,1041,221,0,3,12,2015/2016,2015,2016,Lose,Win
3825666,2015-11-22,21:30,218,212,0,1,12,2015/2016,2015,2016,Lose,Win
3825665,2015-11-22,19:15,1049,215,2,0,12,2015/2016,2015,2016,Win,Lose
3825667,2015-11-22,17:00,222,322,1,1,12,2015/2016,2015,2016,Draw,Draw
3825664,2015-11-21,17:00,210,213,2,0,12,2015/2016,2015,2016,Win,Lose
3825662,2015-11-21,23:05,219,209,2,0,12,2015/2016,2015,2016,Win,Lose
3825888,2015-11-21,23:00,207,208,1,1,12,2015/2016,2015,2016,Draw,Draw
3825663,2015-11-21,21:30,214,223,2,0,12,2015/2016,2015,2016,Win,Lose
3825659,2015-11-08,13:00,215,214,2,1,11,2015/2016,2015,2016,Win,Lose
3825658,2015-11-08,19:15,212,1041,1,0,11,2015/2016,2015,2016,Win,Lose
3825660,2015-11-08,17:00,217,222,3,0,11,2015/2016,2015,2016,Win,Lose
3825661,2015-11-08,21:30,213,220,3,2,11,2015/2016,2015,2016,Win,Lose
3825656,2015-11-07,19:15,221,219,1,1,11,2015/2016,2015,2016,Draw,Draw
3825657,2015-11-07,23:05,223,218,0,1,11,2015/2016,2015,2016,Lose,Win
3825652,2015-11-06,21:30,208,210,2,0,11,2015/2016,2015,2016,Win,Lose
3825623,2015-10-17,22:00,207,223,3,0,8,2015/2016,2015,2016,Win,Lose
3825626,2015-10-17,22:05,218,214,1,3,8,2015/2016,2015,2016,Lose,Win
3825616,2015-10-03,22:05,223,210,3,1,7,2015/2016,2015,2016,Win,Lose
3825608,2015-09-26,22:05,322,209,1,1,6,2015/2016,2015,2016,Draw,Draw
3825601,2015-09-23,20:00,360,1041,2,1,5,2015/2016,2015,2016,Win,Lose
3825899,2016-04-24,18:15,216,207,2,2,35,2015/2016,2015,2016,Draw,Draw
3825852,2016-04-16,18:15,208,1041,1,1,33,2015/2016,2015,2016,Draw,Draw
3825647,2015-10-31,19:15,207,221,3,0,10,2015/2016,2015,2016,Win,Lose
3825637,2015-10-25,19:15,217,322,3,1,9,2015/2016,2015,2016,Win,Lose
3825628,2015-10-18,18:15,216,208,4,0,8,2015/2016,2015,2016,Win,Lose
3825619,2015-10-04,18:15,221,222,1,0,7,2015/2016,2015,2016,Win,Lose
3825618,2015-10-03,22:00,208,322,0,2,7,2015/2016,2015,2016,Lose,Win
3825611,2015-09-27,16:00,219,214,3,0,6,2015/2016,2015,2016,Win,Lose
3825609,2015-09-27,20:30,210,215,0,0,6,2015/2016,2015,2016,Draw,Draw
3825598,2015-09-22,20:00,212,216,2,0,5,2015/2016,2015,2016,Win,Lose
3825584,2015-09-13,12:00,1049,222,1,3,3,2015/2016,2015,2016,Lose,Win
3825570,2015-08-24,20:30,1049,322,1,3,1,2015/2016,2015,2016,Lose,Win
3825562,2015-08-21,20:30,223,213,0,0,1,2015/2016,2015,2016,Draw,Draw
3825904,2016-05-08,17:00,322,218,1,1,37,2015/2016,2015,2016,Draw,Draw
3825901,2016-05-08,17:00,220,207,3,2,37,2015/2016,2015,2016,Win,Lose
3825898,2016-04-02,22:05,209,219,1,1,31,2015/2016,2015,2016,Draw,Draw
3825893,2016-04-20,22:00,220,222,3,0,34,2015/2016,2015,2016,Win,Lose
3825892,2015-09-22,22:00,1049,210,0,3,5,2015/2016,2015,2016,Lose,Win
3825886,2016-04-23,16:00,360,220,2,3,35,2015/2016,2015,2016,Lose,Win
3825885,2016-04-01,20:30,360,216,2,0,31,2015/2016,2015,2016,Win,Lose
3825881,2016-03-14,21:30,1049,214,1,1,29,2015/2016,2015,2016,Draw,Draw
3825880,2016-03-19,21:30,219,221,2,1,30,2015/2016,2015,2016,Win,Lose
3825879,2016-03-13,21:30,208,220,1,2,29,2015/2016,2015,2016,Lose,Win
3825878,2016-04-30,18:15,212,360,1,0,36,2015/2016,2015,2016,Win,Lose
3825877,2016-04-03,12:00,215,1049,1,1,31,2015/2016,2015,2016,Draw,Draw
3825874,2015-10-24,20:30,213,216,5,0,9,2015/2016,2015,2016,Win,Lose
3825873,2016-05-01,20:30,207,222,0,2,36,2015/2016,2015,2016,Lose,Win
3825872,2016-04-02,16:00,212,218,5,1,31,2015/2016,2015,2016,Win,Lose
3825870,2016-05-01,12:00,215,209,2,1,36,2015/2016,2015,2016,Win,Lose
3825868,2016-04-25,20:30,209,1049,2,1,35,2015/2016,2015,2016,Win,Lose
3825866,2016-05-08,17:00,208,215,0,0,37,2015/2016,2015,2016,Draw,Draw
3825865,2016-05-08,17:00,216,1041,1,1,37,2015/2016,2015,2016,Draw,Draw
3825864,2016-04-30,16:00,210,220,0,1,36,2015/2016,2015,2016,Lose,Win
3825862,2016-04-19,20:00,214,209,1,1,34,2015/2016,2015,2016,Draw,Draw
3825861,2016-05-08,17:00,210,360,2,1,37,2015/2016,2015,2016,Win,Lose
3825859,2016-04-30,22:05,1049,208,3,2,36,2015/2016,2015,2016,Win,Lose
3825856,2016-04-09,16:00,220,322,4,0,32,2015/2016,2015,2016,Win,Lose
3825854,2016-04-29,20:30,1041,322,2,0,36,2015/2016,2015,2016,Win,Lose
3825853,2016-05-08,17:00,213,1049,1,4,37,2015/2016,2015,2016,Lose,Win
3825851,2016-05-08,17:00,222,219,0,2,37,2015/2016,2015,2016,Lose,Win
3825850,2016-05-08,17:00,209,223,1,0,37,2015/2016,2015,2016,Win,Lose
3825845,2016-05-01,16:00,214,213,1,0,36,2015/2016,2015,2016,Win,Lose
3825844,2016-03-13,19:15,215,218,3,1,29,2015/2016,2015,2016,Win,Lose
3825806,2016-03-05,17:00,220,209,7,1,28,2015/2016,2015,2016,Win,Lose
3825802,2016-03-03,23:30,214,218,0,3,27,2015/2016,2015,2016,Lose,Win
3825679,2015-12-05,23:05,218,209,1,1,14,2015/2016,2015,2016,Draw,Draw
3825655,2015-11-07,21:30,360,1049,2,1,11,2015/2016,2015,2016,Win,Lose
3825654,2015-11-07,17:00,209,207,1,5,11,2015/2016,2015,2016,Lose,Win
3825653,2015-11-07,21:30,322,216,3,1,11,2015/2016,2015,2016,Win,Lose
3825651,2015-11-01,17:00,214,1049,1,1,10,2015/2016,2015,2016,Draw,Draw
3825650,2015-11-01,23:30,218,215,1,3,10,2015/2016,2015,2016,Lose,Win
3825649,2015-11-01,19:15,1041,223,1,0,10,2015/2016,2015,2016,Win,Lose
3825648,2015-11-01,13:00,322,360,1,0,10,2015/2016,2015,2016,Win,Lose
3825765,2016-02-07,19:15,209,213,1,1,23,2015/2016,2015,2016,Draw,Draw
3825766,2016-02-07,17:00,218,207,1,0,23,2015/2016,2015,2016,Win,Lose
3825764,2016-02-07,21:30,1049,220,1,2,23,2015/2016,2015,2016,Lose,Win
3825760,2016-02-06,17:00,212,322,3,1,23,2015/2016,2015,2016,Win,Lose
3825763,2016-02-06,19:15,360,208,2,0,23,2015/2016,2015,2016,Win,Lose
3825761,2016-02-06,21:30,215,222,0,0,23,2015/2016,2015,2016,Draw,Draw
3825762,2016-02-06,23:05,1041,219,1,1,23,2015/2016,2015,2016,Draw,Draw
3825759,2016-02-05,21:30,223,216,3,0,23,2015/2016,2015,2016,Win,Lose
3825758,2016-02-01,21:30,219,360,2,2,22,2015/2016,2015,2016,Draw,Draw
3825756,2016-01-31,13:00,213,221,3,1,22,2015/2016,2015,2016,Win,Lose
3825755,2016-01-31,17:00,207,1041,0,1,22,2015/2016,2015,2016,Lose,Win
3825754,2016-01-31,19:15,208,209,2,1,22,2015/2016,2015,2016,Win,Lose
3825750,2016-01-30,23:05,210,218,2,1,22,2015/2016,2015,2016,Win,Lose
3825752,2016-01-30,19:15,322,223,1,2,22,2015/2016,2015,2016,Lose,Win
3825751,2016-01-30,19:15,216,215,0,1,22,2015/2016,2015,2016,Lose,Win
3825753,2016-01-30,21:30,222,1049,1,0,22,2015/2016,2015,2016,Win,Lose
3825749,2016-01-25,23:30,221,208,3,2,21,2015/2016,2015,2016,Win,Lose
3825747,2016-01-24,13:00,215,322,5,2,21,2015/2016,2015,2016,Win,Lose
3825748,2016-01-24,17:00,212,213,0,0,21,2015/2016,2015,2016,Draw,Draw
3825745,2016-01-24,19:15,219,207,1,1,21,2015/2016,2015,2016,Draw,Draw
3825746,2016-01-24,21:30,218,220,1,1,21,2015/2016,2015,2016,Draw,Draw
3825743,2016-01-23,23:05,360,209,3,0,21,2015/2016,2015,2016,Win,Lose
3825744,2016-01-23,19:15,214,222,2,2,21,2015/2016,2015,2016,Draw,Draw
3825742,2016-01-23,21:30,1049,216,3,2,21,2015/2016,2015,2016,Win,Lose
3825741,2016-01-22,21:30,1041,210,5,1,21,2015/2016,2015,2016,Win,Lose
3825739,2016-01-17,17:00,220,1041,5,1,20,2015/2016,2015,2016,Win,Lose
3825738,2016-01-17,19:15,208,212,0,3,20,2015/2016,2015,2016,Lose,Win
3825737,2016-01-17,19:15,216,214,3,1,20,2015/2016,2015,2016,Win,Lose
3825734,2016-01-16,23:05,210,219,1,1,20,2015/2016,2015,2016,Draw,Draw
3825733,2016-01-16,17:00,213,223,2,1,20,2015/2016,2015,2016,Win,Lose
3825732,2016-01-16,19:15,209,221,4,3,20,2015/2016,2015,2016,Win,Lose
3825735,2016-01-16,21:30,222,218,0,0,20,2015/2016,2015,2016,Draw,Draw
3825729,2016-01-10,13:00,222,1041,2,0,19,2015/2016,2015,2016,Win,Lose
3825728,2016-01-10,21:30,209,212,0,2,19,2015/2016,2015,2016,Lose,Win
3825730,2016-01-10,17:00,210,207,2,0,19,2015/2016,2015,2016,Win,Lose
3825727,2016-01-10,19:15,322,214,2,1,19,2015/2016,2015,2016,Win,Lose
3825723,2016-01-09,23:05,221,360,2,1,19,2015/2016,2015,2016,Win,Lose
3825726,2016-01-09,19:15,213,215,2,0,19,2015/2016,2015,2016,Win,Lose
3825725,2016-01-09,19:15,216,218,1,0,19,2015/2016,2015,2016,Win,Lose
3825724,2016-01-09,21:30,220,219,5,0,19,2015/2016,2015,2016,Win,Lose
3825722,2016-01-04,21:30,1041,216,1,2,18,2015/2016,2015,2016,Lose,Win
3825716,2016-01-03,13:00,360,210,2,2,18,2015/2016,2015,2016,Draw,Draw
3825719,2016-01-03,19:15,215,208,2,2,18,2015/2016,2015,2016,Draw,Draw
3825720,2016-01-03,17:00,218,322,0,4,18,2015/2016,2015,2016,Lose,Win
3825717,2016-01-03,17:00,1049,213,2,1,18,2015/2016,2015,2016,Win,Lose
3825721,2016-01-03,19:15,219,222,1,2,18,2015/2016,2015,2016,Lose,Win
3825718,2016-01-03,21:30,207,220,2,2,18,2015/2016,2015,2016,Draw,Draw
3825715,2016-01-02,23:05,223,209,2,0,18,2015/2016,2015,2016,Win,Lose
3825714,2016-01-02,21:30,212,221,1,0,18,2015/2016,2015,2016,Win,Lose
3825713,2015-12-31,17:00,222,207,1,0,17,2015/2016,2015,2016,Win,Lose
3825710,2015-12-30,17:00,220,210,3,1,17,2015/2016,2015,2016,Win,Lose
3825709,2015-12-30,19:15,213,214,2,0,17,2015/2016,2015,2016,Win,Lose
3825646,2015-10-31,19:15,222,213,2,1,10,2015/2016,2015,2016,Win,Lose
3825645,2015-10-31,21:30,216,217,0,2,10,2015/2016,2015,2016,Lose,Win
3825644,2015-10-31,23:05,210,209,2,3,10,2015/2016,2015,2016,Lose,Win
3825640,2015-10-25,12:00,221,210,0,4,9,2015/2016,2015,2016,Lose,Win
3825639,2015-10-25,16:00,208,222,0,0,9,2015/2016,2015,2016,Draw,Draw
3825636,2015-10-24,22:05,223,219,2,0,9,2015/2016,2015,2016,Win,Lose
3825635,2015-10-24,16:00,209,220,1,3,9,2015/2016,2015,2016,Lose,Win
3825634,2015-10-24,18:15,1049,218,1,1,9,2015/2016,2015,2016,Draw,Draw
3825633,2015-10-23,20:30,360,214,3,0,9,2015/2016,2015,2016,Win,Lose
3825632,2015-10-19,20:30,1041,1049,3,3,8,2015/2016,2015,2016,Draw,Draw
3825631,2015-10-18,16:00,210,212,0,2,8,2015/2016,2015,2016,Lose,Win
3825630,2015-10-18,20:30,219,215,2,2,8,2015/2016,2015,2016,Draw,Draw
3825629,2015-10-18,12:00,222,209,1,2,8,2015/2016,2015,2016,Lose,Win
3825627,2015-10-17,20:30,217,360,5,2,8,2015/2016,2015,2016,Win,Lose
3825625,2015-10-17,16:00,220,221,3,0,8,2015/2016,2015,2016,Win,Lose
3825624,2015-10-17,18:15,322,213,1,1,8,2015/2016,2015,2016,Draw,Draw
3825622,2015-10-04,16:00,215,207,3,1,7,2015/2016,2015,2016,Win,Lose
3825621,2015-10-04,20:30,212,220,1,1,7,2015/2016,2015,2016,Draw,Draw
3825620,2015-10-04,12:00,360,218,0,2,7,2015/2016,2015,2016,Lose,Win
3825617,2015-10-03,16:00,213,217,2,1,7,2015/2016,2015,2016,Win,Lose
3825615,2015-10-03,20:30,214,1041,1,2,7,2015/2016,2015,2016,Lose,Win
3825613,2015-10-02,20:30,209,216,0,0,7,2015/2016,2015,2016,Draw,Draw
3825610,2015-09-27,12:00,1041,218,1,2,6,2015/2016,2015,2016,Lose,Win
3825606,2015-09-26,18:15,220,223,0,0,6,2015/2016,2015,2016,Draw,Draw
3825605,2015-09-26,20:30,213,360,3,2,6,2015/2016,2015,2016,Win,Lose
3825604,2015-09-25,20:30,207,1049,1,0,6,2015/2016,2015,2016,Win,Lose
3825603,2015-09-24,22:05,218,219,1,2,5,2015/2016,2015,2016,Lose,Win
3825602,2015-09-23,21:00,215,220,1,2,5,2015/2016,2015,2016,Lose,Win
3825600,2015-09-23,22:00,223,222,0,1,5,2015/2016,2015,2016,Lose,Win
3825599,2015-09-22,20:00,214,207,1,0,5,2015/2016,2015,2016,Win,Lose
3825597,2015-09-20,20:30,208,360,0,1,4,2015/2016,2015,2016,Lose,Win
3825596,2015-09-20,16:00,219,1041,2,3,4,2015/2016,2015,2016,Lose,Win
3825594,2015-09-20,12:00,213,209,1,2,4,2015/2016,2015,2016,Lose,Win
3825593,2015-09-19,20:30,322,212,0,2,4,2015/2016,2015,2016,Lose,Win
3825592,2015-09-19,22:00,210,214,2,3,4,2015/2016,2015,2016,Lose,Win
3825591,2015-09-19,18:15,207,218,0,0,4,2015/2016,2015,2016,Draw,Draw
3825590,2015-09-19,16:00,220,1049,1,0,4,2015/2016,2015,2016,Win,Lose
3825589,2015-09-18,20:30,216,223,1,0,4,2015/2016,2015,2016,Win,Lose
3825588,2015-09-14,20:30,360,219,1,3,3,2015/2016,2015,2016,Lose,Win
3825587,2015-09-13,16:00,215,216,3,1,3,2015/2016,2015,2016,Win,Lose
3825586,2015-09-13,20:30,223,322,0,0,3,2015/2016,2015,2016,Draw,Draw
3825585,2015-09-13,18:15,209,208,3,3,3,2015/2016,2015,2016,Draw,Draw
3825583,2015-09-12,18:15,1041,207,0,1,3,2015/2016,2015,2016,Lose,Win
3825582,2015-09-12,22:00,218,210,1,0,3,2015/2016,2015,2016,Win,Lose
3825581,2015-09-12,16:00,214,220,0,6,3,2015/2016,2015,2016,Lose,Win
3825580,2015-09-11,20:30,221,213,1,1,3,2015/2016,2015,2016,Draw,Draw
3825578,2015-08-30,18:30,322,215,2,0,2,2015/2016,2015,2016,Win,Lose
3825577,2015-08-30,22:30,216,1049,1,2,2,2015/2016,2015,2016,Lose,Win
3825576,2015-08-30,20:30,207,219,1,1,2,2015/2016,2015,2016,Draw,Draw
3825575,2015-08-30,22:30,208,221,0,0,2,2015/2016,2015,2016,Draw,Draw
3825574,2015-08-29,22:00,209,360,3,0,2,2015/2016,2015,2016,Win,Lose
3825573,2015-08-29,18:30,210,1041,0,0,2,2015/2016,2015,2016,Draw,Draw
3825571,2015-08-28,20:30,222,214,3,1,2,2015/2016,2015,2016,Win,Lose
3825569,2015-08-23,22:00,221,209,1,2,1,2015/2016,2015,2016,Lose,Win
3825568,2015-08-23,22:30,218,222,1,1,1,2015/2016,2015,2016,Draw,Draw
3825567,2015-08-23,20:30,1041,220,0,0,1,2015/2016,2015,2016,Draw,Draw
3825566,2015-08-22,22:30,360,207,0,0,1,2015/2016,2015,2016,Draw,Draw
3825565,2015-08-22,18:30,214,216,1,0,1,2015/2016,2015,2016,Win,Lose
3825564,2015-08-22,18:30,219,210,0,0,1,2015/2016,2015,2016,Draw,Draw
3825563,2015-08-22,20:30,212,208,1,0,1,2015/2016,2015,2016,Win,Lose
266498,2016-03-12,17:00,217,216,6,0,29,2015/2016,2015,2016,Win,Lose
266986,2016-04-30,20:30,218,217,0,2,36,2015/2016,2015,2016,Lose,Win
267533,2016-04-02,20:30,217,220,1,2,31,2015/2016,2015,2016,Lose,Win
266310,2016-04-20,20:00,219,217,0,8,34,2015/2016,2015,2016,Lose,Win
267576,2016-01-30,17:00,217,212,2,1,22,2015/2016,2015,2016,Win,Lose
266653,2016-03-03,22:00,360,217,1,5,27,2015/2016,2015,2016,Lose,Win
265944,2016-04-23,20:30,217,1041,6,0,35,2015/2016,2015,2016,Win,Lose
265894,2016-01-23,17:00,223,217,1,2,21,2015/2016,2015,2016,Lose,Win
265958,2016-05-08,17:00,217,214,5,0,37,2015/2016,2015,2016,Win,Lose
267611,2015-09-26,16:00,217,208,2,1,6,2015/2016,2015,2016,Win,Lose
267422,2015-08-29,20:30,217,223,1,0,2,2015/2016,2015,2016,Win,Lose
266236,2015-08-23,18:30,215,217,0,1,1,2015/2016,2015,2016,Lose,Win
267274,2015-12-05,20:30,207,217,1,1,14,2015/2016,2015,2016,Draw,Draw
266961,2015-12-12,16:00,217,219,2,2,15,2015/2016,2015,2016,Draw,Draw
266885,2015-11-28,16:00,217,210,4,0,13,2015/2016,2015,2016,Win,Lose
266815,2016-02-17,18:30,1041,217,1,3,16,2015/2016,2015,2016,Lose,Win
267506,2016-05-14,17:00,1049,217,0,3,38,2015/2016,2015,2016,Lose,Win
266664,2016-04-09,20:30,210,217,1,0,32,2015/2016,2015,2016,Win,Lose
266106,2016-03-20,17:00,222,217,2,2,30,2015/2016,2015,2016,Draw,Draw
266670,2016-01-02,16:00,214,217,0,0,18,2015/2016,2015,2016,Draw,Draw
266149,2016-01-17,20:30,217,215,6,0,20,2015/2016,2015,2016,Win,Lose
266620,2016-01-09,16:00,217,1049,4,0,19,2015/2016,2015,2016,Win,Lose
266056,2016-03-06,17:00,322,217,0,4,28,2015/2016,2015,2016,Lose,Win
267327,2015-12-30,20:30,217,218,4,0,17,2015/2016,2015,2016,Win,Lose
266166,2015-09-12,20:30,212,217,1,2,3,2015/2016,2015,2016,Lose,Win
266160,2016-02-07,13:00,221,217,0,2,23,2015/2016,2015,2016,Lose,Win
265839,2016-02-28,21:30,217,213,2,1,26,2015/2016,2015,2016,Win,Lose
266424,2015-11-21,18:15,220,217,0,4,12,2015/2016,2015,2016,Lose,Win
266467,2015-09-23,20:00,209,217,4,1,5,2015/2016,2015,2016,Win,Lose
267273,2016-02-20,17:00,208,217,1,2,25,2015/2016,2015,2016,Lose,Win
266490,2015-09-20,20:30,217,221,4,1,4,2015/2016,2015,2016,Win,Lose
266254,2016-02-14,21:30,217,209,6,1,24,2015/2016,2015,2016,Win,Lose
266557,2016-04-17,20:30,217,207,1,2,33,2015/2016,2015,2016,Lose,Win
68314,2004-12-04,20:00,217,223,4,0,14,2004/2005,2004,2005,Win,Lose
68313,2004-10-24,21:00,217,422,3,0,8,2004/2005,2004,2005,Win,Lose
68316,2005-05-01,19:00,217,608,2,0,34,2004/2005,2004,2005,Win,Lose
68315,2004-12-21,20:00,217,221,2,1,17,2004/2005,2004,2005,Win,Lose
69153,2004-12-11,20:00,608,217,1,2,15,2004/2005,2004,2005,Lose,Win
68352,2005-04-17,21:00,217,216,2,0,32,2004/2005,2004,2005,Win,Lose
68353,2004-10-16,22:00,214,217,0,1,7,2004/2005,2004,2005,Lose,Win
69164,2005-10-26,20:30,217,223,2,0,11,2005/2006,2005,2006,Win,Lose
68324,2006-01-22,19:00,217,206,2,0,20,2005/2006,2005,2006,Win,Lose
68320,2005-12-04,19:00,222,217,0,2,14,2005/2006,2005,2006,Lose,Win
68323,2005-12-20,21:00,217,209,2,0,17,2005/2006,2005,2006,Win,Lose
69172,2006-02-18,22:00,217,218,5,1,24,2005/2006,2005,2006,Win,Lose
68339,2005-11-06,21:00,216,217,1,3,10,2005/2006,2005,2006,Lose,Win
68348,2006-01-07,22:00,214,217,1,2,18,2005/2006,2005,2006,Lose,Win
68354,2005-11-27,21:00,217,1217,4,1,13,2005/2006,2005,2006,Win,Lose
68351,2006-02-25,22:00,395,217,0,2,25,2005/2006,2005,2006,Lose,Win
68317,2005-10-01,20:00,217,395,2,2,6,2005/2006,2005,2006,Draw,Draw
68350,2006-02-05,19:00,217,212,1,3,22,2005/2006,2005,2006,Lose,Win
68325,2006-01-29,19:00,1043,217,0,3,21,2005/2006,2005,2006,Lose,Win
68321,2005-12-11,21:00,217,213,2,1,15,2005/2006,2005,2006,Win,Lose
68319,2005-11-19,20:00,220,217,0,3,12,2005/2006,2005,2006,Lose,Win
68342,2006-01-15,19:00,217,215,2,1,19,2005/2006,2005,2006,Win,Lose
68322,2005-12-17,22:00,552,217,1,3,16,2005/2006,2005,2006,Lose,Win
68318,2005-10-22,22:00,217,422,3,0,8,2005/2006,2005,2006,Win,Lose
69176,2007-05-20,21:00,212,217,0,6,35,2006/2007,2006,2007,Lose,Win
69179,2007-04-07,20:00,395,217,1,0,29,2006/2007,2006,2007,Win,Lose
68334,2007-03-03,22:00,213,217,2,1,25,2006/2007,2006,2007,Win,Lose
68333,2007-02-25,21:00,217,215,3,0,24,2006/2007,2006,2007,Win,Lose
68336,2007-06-17,21:00,1036,217,1,5,38,2006/2007,2006,2007,Lose,Win
68326,2006-08-28,21:00,209,217,2,3,1,2006/2007,2006,2007,Lose,Win
69162,2007-05-13,19:00,217,218,1,1,34,2006/2007,2006,2007,Draw,Draw
68335,2007-03-10,22:00,217,220,3,3,26,2006/2007,2006,2007,Draw,Draw
68332,2007-02-18,19:00,207,217,2,1,23,2006/2007,2006,2007,Win,Lose
68330,2006-10-22,21:00,220,217,2,0,7,2006/2007,2006,2007,Win,Lose
68329,2006-10-15,19:00,217,213,3,1,6,2006/2007,2006,2007,Win,Lose
68341,2007-03-17,20:00,1220,217,0,4,27,2006/2007,2006,2007,Lose,Win
69165,2007-06-09,21:00,217,214,2,2,37,2006/2007,2006,2007,Draw,Draw
69155,2007-04-22,21:00,222,217,2,0,31,2006/2007,2006,2007,Win,Lose
69154,2007-02-11,19:00,217,1217,2,0,22,2006/2007,2006,2007,Win,Lose
69156,2007-04-29,19:00,217,221,1,0,32,2006/2007,2006,2007,Win,Lose
69159,2007-04-15,19:00,217,1043,1,0,30,2006/2007,2006,2007,Win,Lose
69175,2007-03-31,22:00,217,219,2,1,28,2006/2007,2006,2007,Win,Lose
69160,2007-05-05,20:00,210,217,0,2,33,2006/2007,2006,2007,Lose,Win
68331,2006-11-12,21:00,217,395,3,1,10,2006/2007,2006,2007,Win,Lose
68328,2006-09-24,21:00,217,207,1,1,4,2006/2007,2006,2007,Draw,Draw
68340,2006-09-17,20:00,1217,217,0,3,3,2006/2007,2006,2007,Lose,Win
69174,2006-11-04,22:00,219,217,1,1,9,2006/2007,2006,2007,Draw,Draw
68347,2006-09-30,22:00,215,217,1,3,5,2006/2007,2006,2007,Lose,Win
68327,2006-09-09,20:00,217,422,3,0,2,2006/2007,2006,2007,Win,Lose
69157,2007-05-26,22:00,217,216,1,0,36,2006/2007,2006,2007,Win,Lose
15978,2018-09-15,16:15,210,217,1,2,4,2018/2019,2018,2019,Lose,Win
15998,2018-09-26,20:00,205,217,2,1,6,2018/2019,2018,2019,Win,Lose
16029,2018-10-20,20:45,217,213,4,2,9,2018/2019,2018,2019,Win,Lose
16073,2018-11-24,20:45,212,217,1,1,13,2018/2019,2018,2019,Draw,Draw
16086,2018-12-08,20:45,214,217,0,4,15,2018/2019,2018,2019,Lose,Win
16190,2019-02-23,16:15,213,217,2,4,25,2018/2019,2018,2019,Lose,Win
16109,2018-12-22,18:30,217,209,2,0,17,2018/2019,2018,2019,Win,Lose
16120,2019-01-06,20:45,216,217,1,2,18,2018/2019,2018,2019,Lose,Win
16182,2019-02-16,20:45,217,901,1,0,24,2018/2019,2018,2019,Win,Lose
16215,2019-03-17,20:45,218,217,1,4,28,2018/2019,2018,2019,Lose,Win
16173,2019-02-10,20:45,215,217,0,0,23,2018/2019,2018,2019,Draw,Draw
16265,2019-04-20,20:45,217,210,2,1,33,2018/2019,2018,2019,Win,Lose
15946,2018-08-18,22:15,217,206,3,0,1,2018/2019,2018,2019,Win,Lose
16157,2019-02-02,18:30,217,207,2,2,22,2018/2019,2018,2019,Draw,Draw
16136,2019-01-20,20:45,217,205,3,1,20,2018/2019,2018,2019,Win,Lose
16248,2019-04-06,20:45,217,212,2,0,31,2018/2019,2018,2019,Win,Lose
16056,2018-11-11,16:15,217,218,3,4,12,2018/2019,2018,2019,Lose,Win
16289,2019-04-27,20:45,217,221,1,0,35,2018/2019,2018,2019,Win,Lose
16079,2018-12-02,18:30,217,222,2,0,14,2018/2019,2018,2019,Win,Lose
16149,2019-01-27,16:15,211,217,0,2,21,2018/2019,2018,2019,Lose,Win
16275,2019-04-23,21:30,206,217,0,2,34,2018/2019,2018,2019,Lose,Win
15973,2018-09-02,18:30,217,902,8,2,3,2018/2019,2018,2019,Win,Lose
16317,2019-05-19,16:15,322,217,2,2,38,2018/2019,2018,2019,Draw,Draw
16131,2019-01-13,18:30,217,322,3,0,19,2018/2019,2018,2019,Win,Lose
16205,2019-03-09,18:30,217,360,3,1,27,2018/2019,2018,2019,Win,Lose
16095,2018-12-16,20:45,221,217,0,5,16,2018/2019,2018,2019,Lose,Win
16306,2019-05-12,18:30,217,216,2,0,37,2018/2019,2018,2019,Win,Lose
16010,2018-09-29,16:15,217,215,1,1,7,2018/2019,2018,2019,Draw,Draw
15986,2018-09-23,20:45,217,211,2,2,5,2018/2019,2018,2019,Draw,Draw
16240,2019-04-02,21:30,222,217,4,4,30,2018/2019,2018,2019,Draw,Draw
16023,2018-10-07,20:45,207,217,1,1,8,2018/2019,2018,2019,Draw,Draw
16196,2019-03-02,20:45,220,217,0,1,26,2018/2019,2018,2019,Lose,Win
15956,2018-08-25,22:15,901,217,0,1,2,2018/2019,2018,2019,Lose,Win
16231,2019-03-30,16:15,217,214,2,0,29,2018/2019,2018,2019,Win,Lose
69151,2007-09-29,22:00,221,217,1,4,6,2007/2008,2007,2008,Lose,Win
69144,2007-10-07,17:00,217,212,3,0,7,2007/2008,2007,2008,Win,Lose
69169,2007-09-02,19:00,217,215,3,1,2,2007/2008,2007,2008,Win,Lose
68360,2008-02-24,19:00,217,221,5,1,25,2007/2008,2007,2008,Win,Lose
69186,2008-05-17,22:00,1230,217,3,5,38,2007/2008,2007,2008,Lose,Win
69180,2007-08-26,19:00,1217,217,0,0,1,2007/2008,2007,2008,Draw,Draw
69143,2007-09-26,22:00,217,395,4,1,5,2007/2008,2007,2008,Win,Lose
69181,2008-01-27,19:00,215,217,1,1,21,2007/2008,2007,2008,Draw,Draw
68365,2008-03-01,20:00,212,217,4,2,26,2007/2008,2007,2008,Win,Lose
69178,2007-11-10,20:00,216,217,2,0,12,2007/2008,2007,2008,Win,Lose
68364,2007-10-20,20:00,222,217,3,1,8,2007/2008,2007,2008,Win,Lose
69170,2007-12-09,21:00,217,219,2,1,15,2007/2008,2007,2008,Win,Lose
68359,2008-04-19,20:00,217,214,0,0,33,2007/2008,2007,2008,Draw,Draw
68356,2007-12-01,22:00,214,217,1,1,14,2007/2008,2007,2008,Draw,Draw
69158,2007-10-28,19:00,217,403,2,0,9,2007/2008,2007,2008,Win,Lose
69187,2008-02-03,19:00,217,422,1,0,22,2007/2008,2007,2008,Win,Lose
68363,2007-11-01,22:00,901,217,1,1,10,2007/2008,2007,2008,Draw,Draw
69166,2007-11-04,19:00,217,218,3,0,11,2007/2008,2007,2008,Win,Lose
68366,2008-05-11,21:00,217,1043,2,3,37,2007/2008,2007,2008,Lose,Win
69148,2007-09-22,22:00,217,213,2,1,4,2007/2008,2007,2008,Win,Lose
69184,2007-11-24,20:00,217,1220,3,0,13,2007/2008,2007,2008,Win,Lose
69173,2008-01-20,21:00,217,1217,1,0,20,2007/2008,2007,2008,Win,Lose
69146,2008-02-09,22:00,213,217,1,1,23,2007/2008,2007,2008,Draw,Draw
69182,2008-02-16,22:00,395,217,1,2,24,2007/2008,2007,2008,Lose,Win
68358,2008-04-12,22:00,1220,217,2,2,32,2007/2008,2007,2008,Draw,Draw
68361,2008-05-07,22:00,220,217,4,1,36,2007/2008,2007,2008,Win,Lose
69141,2008-05-04,19:00,217,207,6,0,35,2007/2008,2007,2008,Win,Lose
69145,2007-12-15,22:00,207,217,0,3,16,2007/2008,2007,2008,Lose,Win
69225,2008-12-13,22:00,217,220,2,0,15,2008/2009,2008,2009,Win,Lose
69212,2008-10-04,22:00,217,212,6,1,6,2008/2009,2008,2009,Win,Lose
69235,2008-11-01,20:00,223,217,1,4,9,2008/2009,2008,2009,Lose,Win
69232,2008-10-25,22:00,217,403,5,0,8,2008/2009,2008,2009,Win,Lose
69216,2009-03-07,20:00,217,215,2,0,26,2008/2009,2008,2009,Win,Lose
69209,2009-02-01,17:00,1217,217,1,2,21,2008/2009,2008,2009,Lose,Win
69231,2009-02-08,19:00,217,1041,3,1,22,2008/2009,2008,2009,Win,Lose
69217,2009-05-10,19:03,217,222,3,3,35,2008/2009,2008,2009,Draw,Draw
69273,2009-04-04,20:00,901,217,0,1,29,2008/2009,2008,2009,Lose,Win
69222,2009-04-11,20:00,217,1220,2,0,30,2008/2009,2008,2009,Win,Lose
69223,2009-04-18,20:00,216,217,0,1,31,2008/2009,2008,2009,Lose,Win
69195,2009-02-14,20:00,218,217,2,2,23,2008/2009,2008,2009,Draw,Draw
69251,2009-04-25,22:00,207,217,2,2,33,2008/2009,2008,2009,Draw,Draw
69185,2009-03-01,19:00,212,217,4,3,25,2008/2009,2008,2009,Win,Lose
69142,2009-03-22,19:00,217,223,6,0,28,2008/2009,2008,2009,Win,Lose
69139,2009-02-21,20:00,217,214,1,2,24,2008/2009,2008,2009,Lose,Win
69189,2009-01-24,22:00,217,444,4,1,20,2008/2009,2008,2009,Win,Lose
69171,2008-11-29,22:00,213,217,0,3,13,2008/2009,2008,2009,Lose,Win
69249,2009-05-02,20:00,220,217,2,6,34,2008/2009,2008,2009,Lose,Win
69215,2008-09-13,20:00,217,1217,1,1,2,2008/2009,2008,2009,Draw,Draw
69138,2008-09-21,21:00,1041,217,1,6,3,2008/2009,2008,2009,Lose,Win
69147,2008-08-31,19:00,444,217,1,0,1,2008/2009,2008,2009,Win,Lose
69177,2009-03-15,21:03,403,217,0,2,27,2008/2009,2008,2009,Lose,Win
69207,2008-09-24,20:00,217,218,3,2,4,2008/2009,2008,2009,Win,Lose
69228,2008-12-21,19:00,222,217,1,2,16,2008/2009,2008,2009,Lose,Win
69183,2009-01-17,20:00,217,219,5,0,19,2008/2009,2008,2009,Win,Lose
69279,2008-11-08,22:00,217,901,6,0,10,2008/2009,2008,2009,Win,Lose
69285,2008-11-16,21:00,1220,217,0,2,11,2008/2009,2008,2009,Lose,Win
69211,2008-09-27,22:00,214,217,1,2,5,2008/2009,2008,2009,Lose,Win
69230,2009-01-11,21:00,422,217,2,3,18,2008/2009,2008,2009,Lose,Win
69149,2008-12-06,22:00,217,207,4,0,14,2008/2009,2008,2009,Win,Lose
303731,2020-02-22,16:00,217,322,5,0,25,2019/2020,2019,2020,Win,Lose
303532,2020-06-16,22:00,217,205,2,0,29,2019/2020,2019,2020,Win,Lose
303516,2020-06-27,17:00,209,217,2,2,32,2019/2020,2019,2020,Draw,Draw
303596,2019-12-18,20:00,217,220,0,0,10,2019/2020,2019,2020,Draw,Draw
303430,2019-09-24,21:00,217,222,2,1,6,2019/2020,2019,2020,Win,Lose
303725,2020-07-05,22:00,222,217,1,4,34,2019/2020,2019,2020,Lose,Win
303504,2019-11-02,16:00,221,217,3,1,12,2019/2020,2019,2020,Win,Lose
303451,2019-12-07,21:00,217,1043,5,2,16,2019/2020,2019,2020,Win,Lose
303664,2019-12-14,16:00,210,217,2,2,17,2019/2020,2019,2020,Draw,Draw
303682,2020-02-02,21:00,217,221,2,1,22,2019/2020,2019,2020,Win,Lose
303400,2020-01-25,16:00,207,217,2,0,21,2019/2020,2019,2020,Win,Lose
303634,2020-07-16,21:00,217,422,1,2,37,2019/2020,2019,2020,Lose,Win
303421,2020-07-19,17:00,206,217,0,5,38,2019/2020,2019,2020,Lose,Win
303493,2020-06-23,22:00,217,215,1,0,31,2019/2020,2019,2020,Win,Lose
303680,2020-07-11,19:30,901,217,0,1,36,2019/2020,2019,2020,Lose,Win
303479,2020-03-07,18:30,217,210,1,0,27,2019/2020,2019,2020,Win,Lose
303615,2020-07-08,22:00,217,214,1,0,35,2019/2020,2019,2020,Win,Lose
303696,2020-06-30,22:00,217,212,2,2,33,2019/2020,2019,2020,Draw,Draw
303487,2019-11-09,21:00,217,209,4,1,13,2019/2020,2019,2020,Win,Lose
303600,2019-10-29,21:15,217,901,5,1,11,2019/2020,2019,2020,Win,Lose
303548,2020-06-13,22:00,1043,217,0,4,28,2019/2020,2019,2020,Lose,Win
303652,2020-01-04,21:00,214,217,2,2,19,2019/2020,2019,2020,Draw,Draw
303674,2020-06-19,22:00,213,217,0,0,30,2019/2020,2019,2020,Draw,Draw
303470,2020-03-01,21:00,220,217,2,0,26,2019/2020,2019,2020,Win,Lose
303700,2019-10-19,13:00,322,217,0,3,9,2019/2020,2019,2020,Lose,Win
303707,2020-02-09,21:00,218,217,2,3,23,2019/2020,2019,2020,Lose,Win
303666,2019-09-21,21:00,1049,217,2,0,5,2019/2020,2019,2020,Win,Lose
303715,2019-11-23,13:00,205,217,1,2,14,2019/2020,2019,2020,Lose,Win
303377,2020-02-15,16:00,217,216,2,1,24,2019/2020,2019,2020,Win,Lose
303524,2019-12-01,21:00,212,217,0,1,15,2019/2020,2019,2020,Lose,Win
303517,2019-12-21,16:00,217,206,4,1,18,2019/2020,2019,2020,Win,Lose
303610,2020-01-19,21:00,217,1049,1,0,20,2019/2020,2019,2020,Win,Lose
303473,2019-10-06,21:00,217,213,4,0,8,2019/2020,2019,2020,Win,Lose
3773386,2020-10-31,21:00,206,217,1,1,8,2020/2021,2020,2021,Draw,Draw
3773565,2021-01-09,18:30,1049,217,0,4,18,2020/2021,2020,2021,Lose,Win
3773457,2021-05-16,18:30,217,209,1,2,37,2020/2021,2020,2021,Lose,Win
3773631,2021-02-07,21:00,218,217,2,3,22,2020/2021,2020,2021,Lose,Win
3773665,2021-03-06,21:00,422,217,0,2,26,2020/2021,2020,2021,Lose,Win
3773497,2021-04-10,21:00,220,217,2,1,30,2020/2021,2020,2021,Win,Lose
3773660,2020-12-13,21:00,217,221,1,0,13,2020/2021,2020,2021,Win,Lose
3773593,2020-09-27,21:00,217,222,4,0,3,2020/2021,2020,2021,Win,Lose
3773466,2020-10-01,21:30,209,217,0,3,4,2020/2021,2020,2021,Lose,Win
3773585,2020-10-24,16:00,217,220,1,3,7,2020/2021,2020,2021,Lose,Win
3773552,2021-01-03,21:00,902,217,0,1,17,2020/2021,2020,2021,Lose,Win
3773672,2020-10-04,21:00,217,213,1,1,5,2020/2021,2020,2021,Draw,Draw
3773587,2020-10-17,21:00,216,217,1,0,6,2020/2021,2020,2021,Win,Lose
3773656,2020-11-21,21:00,212,217,1,0,10,2020/2021,2020,2021,Win,Lose
3773377,2020-12-19,16:15,217,207,2,2,14,2020/2021,2020,2021,Draw,Draw
3773586,2021-04-29,19:00,217,1049,1,2,33,2020/2021,2020,2021,Lose,Win
3773372,2021-05-08,16:15,217,212,0,0,35,2020/2021,2020,2021,Draw,Draw
3773387,2021-05-11,22:00,221,217,3,3,36,2020/2021,2020,2021,Draw,Draw
3773695,2021-05-02,21:00,207,217,2,3,34,2020/2021,2020,2021,Lose,Win
3773369,2021-03-15,21:00,217,902,4,1,27,2020/2021,2020,2021,Win,Lose
3773661,2021-04-22,22:00,217,216,5,2,31,2020/2021,2020,2021,Win,Lose
3773597,2021-03-21,21:00,210,217,1,6,28,2020/2021,2020,2021,Lose,Win
3773523,2020-12-16,21:00,217,210,2,1,19,2020/2021,2020,2021,Win,Lose
3773571,2020-12-22,22:00,901,217,0,3,15,2020/2021,2020,2021,Lose,Win
3773428,2020-12-05,21:00,552,217,2,1,12,2020/2021,2020,2021,Win,Lose
3764661,2021-01-06,21:00,215,217,2,3,2,2020/2021,2020,2021,Lose,Win
3773526,2021-02-13,21:00,217,206,5,1,23,2020/2021,2020,2021,Win,Lose
3773474,2021-04-05,21:00,217,901,1,0,29,2020/2021,2020,2021,Win,Lose
3773625,2021-02-27,16:15,213,217,0,2,25,2020/2021,2020,2021,Lose,Win
3773403,2021-01-31,21:00,217,215,2,1,21,2020/2021,2020,2021,Win,Lose
3773547,2020-11-29,14:00,217,422,4,0,11,2020/2021,2020,2021,Win,Lose
3773415,2021-02-21,14:00,217,552,1,1,24,2020/2021,2020,2021,Draw,Draw
3764440,2021-02-24,19:00,217,1042,3,0,1,2020/2021,2020,2021,Win,Lose
3773689,2021-04-25,16:15,222,217,1,2,32,2020/2021,2020,2021,Lose,Win
3773477,2020-11-07,16:15,217,218,5,2,9,2020/2021,2020,2021,Win,Lose
