team,shots,shots_on_target,goals,yellow_cards,red_cards,match_id
206,3,0,0,2,0,15946
217,25,9,3,0,0,15946
217,11,5,1,1,0,15956
901,7,4,0,1,0,15956
217,30,16,7,1,0,15973
902,7,4,2,2,0,15973
210,8,4,1,1,0,15978
217,12,6,2,1,0,15978
211,7,5,2,5,0,15986
217,21,10,2,3,0,15986
205,9,6,2,4,0,15998
217,9,5,1,2,0,15998
215,8,2,1,3,0,16010
217,20,7,1,3,0,16010
207,10,3,1,2,0,16023
217,10,5,1,2,0,16023
213,19,6,1,1,0,16029
217,23,9,4,0,0,16029
217,20,5,3,3,0,16056
218,15,8,4,3,0,16056
212,3,1,1,5,0,16073
217,7,2,1,3,0,16073
217,15,7,2,2,0,16079
222,12,2,0,4,0,16079
214,15,3,0,1,0,16086
217,17,9,4,0,0,16086
217,16,9,5,3,0,16095
221,20,6,0,2,0,16095
209,11,3,0,1,0,16109
217,9,4,2,0,0,16109
216,10,2,1,4,0,16120
217,13,8,2,3,0,16120
217,7,6,3,2,0,16131
322,16,2,0,1,0,16131
205,5,2,1,3,0,16136
217,15,7,3,3,0,16136
211,13,4,0,4,0,16149
217,15,6,2,3,0,16149
207,13,7,2,0,0,16157
217,20,8,2,3,0,16157
215,14,5,0,3,0,16173
217,10,2,0,2,0,16173
217,20,8,1,1,0,16182
901,11,0,0,3,0,16182
213,14,4,2,6,0,16190
217,17,7,4,1,0,16190
217,10,4,1,2,0,16196
220,18,3,0,3,0,16196
217,12,6,3,1,0,16205
360,8,1,1,2,0,16205
217,16,9,4,2,0,16215
218,13,3,1,1,0,16215
214,3,2,0,4,0,16231
217,13,3,2,0,0,16231
217,15,9,4,7,0,16240
222,16,9,4,3,0,16240
212,9,2,0,4,1,16248
217,20,11,2,3,0,16248
210,9,3,1,1,0,16265
217,11,4,2,0,0,16265
206,6,1,0,3,0,16275
217,16,6,2,1,0,16275
217,23,12,1,4,0,16289
221,7,2,0,3,0,16289
216,11,0,0,3,0,16306
217,13,8,1,1,0,16306
217,8,3,2,2,0,16317
322,18,8,2,4,0,16317
212,8,2,0,2,0,265830
217,8,3,0,3,0,265830
213,2,0,0,2,0,265835
217,15,9,5,1,0,265835
210,13,3,2,2,0,265837
217,10,3,1,3,0,265837
213,12,3,1,2,0,265839
217,15,8,2,3,0,265839
217,18,6,4,2,0,265857
220,13,7,3,5,0,265857
217,27,11,8,0,0,265866
373,6,1,0,2,0,265866
217,11,5,2,3,0,265894
223,14,7,1,3,0,265894
217,28,12,3,2,0,265896
322,4,2,0,2,0,265896
217,20,8,6,0,0,265918
360,9,4,0,0,0,265918
217,23,8,6,0,0,265944
1041,4,1,0,3,0,265944
217,22,10,6,1,0,265952
1041,5,2,1,3,0,265952
214,4,1,0,7,0,265958
217,14,7,5,2,0,265958
216,7,3,0,0,0,265963
217,20,12,6,0,0,265963
217,11,5,3,1,0,266015
901,4,2,1,4,0,266015
207,7,4,2,5,0,266033
217,15,8,3,4,0,266033
210,5,1,0,5,0,266045
217,15,8,2,1,0,266045
217,10,7,4,2,0,266056
322,7,0,0,3,0,266056
217,29,12,4,1,0,266066
403,6,2,1,4,0,266066
217,20,11,7,1,0,266074
422,6,3,0,2,0,266074
217,15,6,2,4,0,266106
222,15,6,1,8,0,266106
217,19,12,6,1,0,266117
1049,9,1,0,3,0,266117
213,11,2,2,5,0,266142
217,17,6,2,2,0,266142
217,10,3,0,4,0,266148
223,11,3,1,3,0,266148
215,9,3,0,2,0,266149
217,20,8,6,2,0,266149
217,11,4,1,3,0,266160
221,14,3,0,4,0,266160
212,11,3,1,3,0,266166
217,14,4,2,1,0,266166
210,18,6,1,2,0,266191
217,10,2,1,4,0,266191
217,23,7,0,3,0,266201
1042,8,1,0,3,0,266201
217,15,7,3,2,0,266230
219,6,1,0,2,0,266230
215,6,2,0,3,0,266236
217,10,4,1,3,0,266236
210,7,1,0,5,0,266240
217,16,4,0,4,0,266240
209,10,4,1,4,0,266254
217,20,10,6,1,0,266254
212,9,1,1,4,0,266256
217,10,4,1,5,0,266256
206,9,4,0,1,0,266273
217,22,9,5,3,0,266273
209,8,6,0,2,0,266274
217,14,6,3,2,0,266274
213,7,3,0,2,0,266280
217,13,7,3,4,0,266280
209,7,2,0,3,0,266299
217,19,9,5,1,0,266299
217,17,9,8,0,0,266310
219,17,5,0,1,0,266310
214,3,2,1,4,0,266320
217,15,7,5,0,0,266320
217,17,6,3,0,0,266357
422,4,1,0,3,0,266357
217,22,6,1,2,0,266406
222,10,0,0,0,0,266406
217,16,4,2,2,0,266420
403,5,1,0,1,0,266420
217,18,6,4,2,0,266424
220,13,7,0,3,0,266424
214,5,1,0,4,0,266433
217,19,8,4,0,0,266433
207,6,5,2,4,0,266440
217,28,11,4,3,0,266440
217,12,3,0,2,0,266462
422,4,1,0,3,0,266462
209,19,5,4,2,0,266467
217,18,7,1,2,0,266467
217,20,8,1,2,0,266477
222,5,3,1,2,0,266477
217,20,7,4,0,0,266490
221,11,4,1,1,0,266490
216,7,4,2,3,0,266491
217,19,8,2,3,0,266491
216,6,1,0,3,0,266498
217,15,9,5,0,0,266498
217,10,4,1,3,0,266516
218,17,7,1,2,0,266516
207,12,2,0,4,0,266525
217,11,5,2,4,0,266525
214,3,1,1,3,0,266528
217,14,7,4,0,0,266528
214,7,2,0,6,1,266531
217,13,5,2,3,1,266531
207,7,2,1,3,0,266557
217,22,7,1,3,0,266557
207,12,4,0,4,0,266560
217,14,3,1,4,0,266560
217,12,6,0,1,0,266603
901,7,2,1,5,0,266603
207,8,4,3,3,0,266613
217,20,5,2,2,0,266613
217,17,8,4,1,0,266620
1049,8,4,0,4,0,266620
212,9,3,0,5,0,266631
217,14,5,1,3,0,266631
217,21,8,5,2,0,266653
360,8,4,1,0,0,266653
210,5,1,1,1,0,266664
217,13,6,0,3,0,266664
206,5,4,2,1,0,266669
217,17,2,1,1,0,266669
214,4,1,0,5,0,266670
217,10,2,0,3,0,266670
217,12,5,4,1,0,266724
1043,6,3,2,1,0,266724
217,14,7,4,1,0,266731
322,14,6,0,3,0,266731
217,19,10,5,1,0,266741
221,5,1,0,2,0,266741
217,17,8,5,2,0,266770
221,9,2,0,1,0,266770
217,11,8,6,2,0,266794
1042,6,3,0,6,0,266794
217,17,9,3,1,0,266815
1041,6,2,1,2,0,266815
217,12,4,3,2,0,266827
223,7,2,1,1,0,266827
217,10,0,0,2,0,266838
223,6,2,0,2,0,266838
217,16,9,5,1,0,266846
373,7,1,0,0,0,266846
215,15,6,2,3,0,266871
217,20,9,4,1,0,266871
215,10,3,0,3,0,266874
217,16,6,3,1,0,266874
217,11,8,4,2,0,266883
218,16,5,1,3,0,266883
210,10,2,0,5,0,266885
217,12,7,4,0,0,266885
215,9,4,0,5,0,266892
217,11,2,1,4,0,266892
217,19,13,6,3,0,266916
360,9,3,1,3,0,266916
217,12,6,3,0,0,266921
1042,3,0,0,1,0,266921
209,7,1,0,2,1,266929
217,11,3,1,2,0,266929
217,20,8,4,2,0,266952
222,8,4,1,4,0,266952
217,19,8,2,0,0,266961
219,12,4,2,2,0,266961
217,11,4,2,0,0,266967
322,12,2,0,1,0,266967
217,12,4,2,3,0,266986
218,2,1,0,4,0,266986
213,15,5,1,4,0,266989
217,14,7,2,6,0,266989
208,11,5,1,0,0,267039
217,11,5,4,1,0,267039
217,15,5,1,1,0,267058
1049,1,0,0,4,0,267058
217,12,2,1,4,0,267076
220,14,5,1,2,0,267076
214,6,2,0,3,0,267077
217,16,10,3,0,0,267077
217,14,4,1,4,0,267085
220,18,6,3,2,0,267085
217,19,10,7,0,0,267101
422,3,2,1,0,0,267101
217,27,8,0,3,0,267138
1049,5,4,1,0,0,267138
217,17,5,2,5,0,267183
220,13,4,1,6,0,267183
209,11,4,0,3,0,267192
217,21,9,2,1,0,267192
217,16,7,2,1,0,267197
219,10,2,2,3,0,267197
205,15,5,1,4,0,267212
217,10,7,5,2,0,267212
212,9,4,1,4,0,267220
217,19,7,1,2,0,267220
208,16,4,1,1,0,267273
217,12,8,2,2,0,267273
207,10,3,1,3,0,267274
217,16,5,1,1,0,267274
209,10,4,1,2,0,267301
217,19,8,0,1,0,267301
217,16,7,3,1,0,267327
218,13,4,0,3,0,267327
217,16,8,3,3,0,267343
1049,10,4,1,2,0,267343
217,12,4,2,0,0,267368
218,12,3,1,2,0,267368
210,14,7,1,2,0,267373
217,15,9,3,3,0,267373
208,7,1,0,4,0,267395
217,23,10,5,3,0,267395
217,17,12,4,1,0,267400
403,6,3,0,3,0,267400
217,23,13,1,0,0,267422
223,4,1,0,3,0,267422
217,17,10,3,1,0,267432
322,9,4,2,3,0,267432
212,13,4,1,4,0,267464
217,15,6,2,2,0,267464
217,25,8,4,1,0,267492
219,7,0,0,2,0,267492
217,19,7,2,0,0,267499
403,6,2,1,2,0,267499
215,7,3,2,3,0,267502
217,15,6,2,2,0,267502
217,12,10,3,2,0,267506
1049,7,1,0,5,0,267506
210,9,5,1,1,0,267520
217,24,10,4,0,0,267520
217,14,3,1,3,0,267533
220,15,6,2,3,0,267533
217,17,6,2,2,0,267561
360,11,5,0,4,0,267561
215,10,4,1,3,0,267567
217,18,7,2,2,0,267567
217,16,9,3,2,0,267569
220,22,14,2,3,0,267569
212,7,3,1,4,0,267576
217,10,4,2,0,0,267576
217,12,3,0,4,0,267590
223,8,4,2,4,0,267590
205,12,6,1,3,0,267596
217,13,6,2,1,0,267596
217,18,5,3,1,0,267597
222,10,3,2,2,0,267597
208,10,6,1,4,0,267611
217,16,6,2,2,0,267611
217,15,5,1,0,0,267660
219,14,8,2,2,0,267660
217,29,12,6,1,0,267670
218,4,2,2,3,0,267670
213,14,4,1,3,0,267675
217,8,5,4,3,0,267675
216,6,2,1,2,0,303377
217,12,5,2,3,0,303377
207,8,6,2,1,0,303400
217,14,5,0,3,0,303400
206,7,0,0,0,0,303421
217,16,8,5,0,0,303421
217,9,4,2,4,0,303430
222,11,3,1,2,0,303430
217,25,17,5,3,0,303451
1043,9,3,2,0,0,303451
217,9,4,0,2,0,303470
220,13,4,2,2,0,303470
213,16,4,0,3,0,303473
217,15,8,4,5,1,303473
210,10,1,0,3,0,303479
217,13,6,1,4,0,303479
209,6,5,1,1,0,303487
217,9,7,4,4,0,303487
215,7,0,0,1,0,303493
217,18,5,1,2,0,303493
217,10,6,1,6,0,303504
221,9,3,3,1,0,303504
209,10,6,2,3,0,303516
217,18,2,2,4,0,303516
206,5,3,1,4,0,303517
217,8,4,4,2,0,303517
212,16,2,0,4,0,303524
217,13,5,1,4,0,303524
205,6,1,0,3,0,303532
217,10,5,2,5,0,303532
217,12,7,4,2,0,303548
1043,12,3,0,1,0,303548
217,9,1,0,3,0,303596
220,17,3,0,5,0,303596
217,18,9,5,0,0,303600
901,9,1,1,3,0,303600
217,18,6,1,0,0,303610
1049,5,1,0,3,0,303610
214,11,2,0,3,0,303615
217,9,2,1,0,0,303615
217,18,2,1,4,0,303634
422,9,5,2,1,0,303634
214,8,3,2,2,0,303652
217,14,7,2,1,0,303652
210,19,5,2,0,0,303664
217,9,4,2,1,0,303664
217,8,1,0,2,0,303666
1049,9,3,2,3,0,303666
213,8,4,0,3,0,303674
217,10,3,0,2,0,303674
217,10,6,1,2,0,303680
901,13,5,0,2,0,303680
217,23,8,2,2,0,303682
221,9,5,1,0,0,303682
212,10,3,2,5,0,303696
217,12,5,1,3,0,303696
217,9,4,3,0,0,303700
322,6,0,0,5,0,303700
217,10,6,3,4,0,303707
218,7,3,2,4,1,303707
205,9,4,1,1,0,303715
217,11,6,2,2,0,303715
217,18,13,3,0,0,303725
222,10,4,1,1,0,303725
217,13,10,5,0,0,303731
322,12,5,0,2,0,303731
217,9,5,3,0,0,3764440
1042,6,1,0,0,0,3764440
215,8,4,2,2,0,3764661
217,13,9,3,1,0,3764661
217,12,5,4,0,0,3773369
902,8,4,1,2,0,3773369
212,10,5,0,3,0,3773372
217,12,6,0,3,0,3773372
207,11,4,2,2,0,3773377
217,24,9,2,4,0,3773377
206,4,3,1,3,0,3773386
217,25,8,1,3,0,3773386
217,17,5,3,2,0,3773387
221,16,6,3,2,0,3773387
215,7,2,0,3,0,3773403
217,12,6,2,2,0,3773403
217,20,4,1,0,0,3773415
552,3,1,1,2,0,3773415
217,21,8,0,2,0,3773428
552,8,3,2,0,0,3773428
209,4,4,2,2,0,3773457
217,21,4,1,2,0,3773457
209,10,3,0,5,0,3773466
217,7,4,2,4,0,3773466
217,25,10,1,3,0,3773474
901,7,2,0,3,0,3773474
217,17,9,5,2,0,3773477
218,12,6,2,2,0,3773477
217,18,4,1,4,0,3773497
220,14,3,2,2,0,3773497
210,12,5,1,3,0,3773523
217,14,4,2,3,0,3773523
206,6,2,1,2,0,3773526
217,17,9,5,0,0,3773526
217,20,10,4,1,0,3773547
422,10,5,0,0,0,3773547
217,20,6,1,0,0,3773552
902,4,4,0,1,0,3773552
217,14,4,4,3,0,3773565
1049,8,4,0,2,0,3773565
217,21,10,3,2,0,3773571
901,12,5,0,1,0,3773571
217,10,4,1,3,0,3773585
220,16,9,3,2,0,3773585
217,16,4,1,0,0,3773586
1049,5,2,2,4,0,3773586
216,9,4,1,4,0,3773587
217,7,1,0,3,0,3773587
217,17,9,3,0,0,3773593
222,5,1,0,1,0,3773593
210,10,5,1,3,0,3773597
217,14,10,6,2,0,3773597
213,3,1,0,5,0,3773625
217,9,5,2,2,0,3773625
217,12,3,2,3,0,3773631
218,8,5,2,1,0,3773631
212,10,2,1,4,0,3773656
217,13,4,0,0,0,3773656
217,24,13,1,2,0,3773660
221,6,3,0,1,0,3773660
216,5,1,1,0,0,3773661
217,9,6,4,2,0,3773661
217,13,6,2,2,0,3773665
422,10,3,0,0,0,3773665
213,10,1,1,1,0,3773672
217,11,5,1,1,0,3773672
217,15,5,2,3,0,3773689
222,10,4,1,2,0,3773689
207,9,4,2,2,0,3773695
217,14,6,3,1,0,3773695
213,10,2,0,4,0,3825562
223,26,4,0,3,0,3825562
208,7,0,0,0,0,3825563
212,12,3,1,2,0,3825563
210,10,3,0,2,0,3825564
219,16,5,0,3,0,3825564
214,5,2,1,2,0,3825565
216,13,2,0,4,0,3825565
207,10,4,0,1,0,3825566
360,8,3,0,3,0,3825566
220,27,8,0,0,0,3825567
1041,6,0,0,4,0,3825567
218,22,6,1,3,0,3825568
222,8,3,1,1,1,3825568
209,14,6,2,3,0,3825569
221,11,2,1,1,0,3825569
322,10,4,3,6,0,3825570
1049,13,6,1,1,0,3825570
214,5,3,1,6,0,3825571
222,15,5,3,1,0,3825571
218,7,1,0,3,0,3825572
220,21,10,5,3,0,3825572
210,14,1,0,4,0,3825573
1041,7,2,0,5,0,3825573
209,13,8,3,2,0,3825574
360,3,0,0,2,0,3825574
208,16,2,0,2,0,3825575
221,3,2,0,4,0,3825575
207,13,5,1,4,0,3825576
219,12,3,1,1,0,3825576
216,15,4,1,5,0,3825577
1049,9,4,2,3,0,3825577
215,9,1,0,2,0,3825578
322,9,7,2,2,0,3825578
212,17,7,3,4,0,3825579
213,25,7,0,3,0,3825579
213,8,3,1,3,0,3825580
221,14,4,1,3,0,3825580
214,15,3,0,2,0,3825581
220,15,7,6,2,0,3825581
210,15,3,0,3,0,3825582
218,9,2,1,5,0,3825582
207,17,3,1,3,0,3825583
1041,15,8,0,3,0,3825583
222,9,5,3,4,0,3825584
1049,14,3,1,2,0,3825584
208,9,5,2,3,0,3825585
209,26,12,3,0,0,3825585
223,10,4,0,2,0,3825586
322,7,0,0,4,0,3825586
215,14,6,3,1,0,3825587
216,13,3,1,4,0,3825587
219,14,8,3,2,0,3825588
360,8,2,1,2,1,3825588
216,10,4,1,5,0,3825589
223,13,3,0,2,0,3825589
220,20,10,1,1,0,3825590
1049,12,3,0,3,0,3825590
207,24,5,0,4,0,3825591
218,3,1,0,3,0,3825591
210,10,4,2,2,0,3825592
214,18,6,3,3,0,3825592
212,14,6,2,1,0,3825593
322,9,3,0,2,0,3825593
209,15,5,2,6,0,3825594
213,13,6,1,3,0,3825594
215,10,2,1,4,0,3825595
222,14,7,3,4,0,3825595
219,20,9,2,3,0,3825596
1041,5,4,3,3,0,3825596
208,8,2,0,3,0,3825597
360,17,7,1,5,0,3825597
212,11,3,2,3,0,3825598
216,6,2,0,2,0,3825598
207,10,4,0,7,0,3825599
214,19,5,1,5,0,3825599
222,9,3,0,3,0,3825600
223,15,4,0,2,0,3825600
360,18,6,2,2,0,3825601
1041,6,2,1,2,0,3825601
215,13,5,1,4,0,3825602
220,22,6,2,3,0,3825602
218,9,3,1,3,0,3825603
219,9,3,2,5,0,3825603
207,12,4,1,3,0,3825604
1049,18,3,0,3,0,3825604
213,18,9,3,1,0,3825605
360,18,5,2,3,0,3825605
220,31,8,0,4,0,3825606
223,12,3,0,4,0,3825606
212,10,4,0,2,0,3825607
222,5,2,1,2,0,3825607
209,9,2,1,4,0,3825608
322,11,3,1,5,0,3825608
210,15,4,0,3,0,3825609
215,10,2,0,4,0,3825609
218,13,5,2,1,0,3825610
1041,19,9,1,1,0,3825610
214,7,3,0,4,0,3825611
219,14,5,2,4,0,3825611
216,15,8,3,2,0,3825612
221,10,3,0,3,0,3825612
209,18,7,0,1,0,3825613
216,9,3,0,5,0,3825613
219,14,3,1,3,0,3825614
1049,10,3,1,1,0,3825614
214,12,9,1,3,0,3825615
1041,12,2,2,3,0,3825615
210,13,5,1,2,0,3825616
223,11,7,3,4,0,3825616
213,12,5,2,5,0,3825617
217,28,8,1,3,0,3825617
208,18,4,0,2,0,3825618
322,9,4,2,2,0,3825618
221,14,4,1,4,0,3825619
222,3,2,0,4,0,3825619
218,9,6,2,2,0,3825620
360,23,8,0,4,0,3825620
212,18,4,1,6,0,3825621
220,9,2,1,4,0,3825621
207,10,4,1,4,0,3825622
215,16,8,3,0,0,3825622
207,7,3,2,3,0,3825623
223,10,3,0,3,0,3825623
213,15,5,1,3,0,3825624
322,14,4,1,3,0,3825624
220,21,6,3,1,0,3825625
221,17,6,0,4,0,3825625
214,12,4,3,4,0,3825626
218,21,7,1,2,0,3825626
217,14,9,5,1,0,3825627
360,22,8,2,2,0,3825627
208,16,3,0,1,0,3825628
216,14,7,4,2,0,3825628
209,13,2,2,3,0,3825629
222,12,3,1,2,0,3825629
215,7,2,2,2,0,3825630
219,17,3,2,2,0,3825630
210,11,1,0,6,2,3825631
212,7,3,2,5,0,3825631
1041,15,6,3,3,0,3825632
1049,14,6,3,6,1,3825632
214,9,3,0,2,0,3825633
360,13,6,3,3,0,3825633
218,8,2,1,3,0,3825634
1049,17,5,1,3,0,3825634
209,17,7,1,5,1,3825635
220,14,8,3,1,0,3825635
219,10,1,0,1,0,3825636
223,9,4,2,0,0,3825636
217,14,5,3,3,1,3825637
322,7,4,1,5,0,3825637
207,7,2,1,4,0,3825638
212,16,7,2,4,0,3825638
208,7,2,0,1,0,3825639
222,5,0,0,2,0,3825639
210,13,7,4,3,0,3825640
221,13,3,0,4,0,3825640
215,20,6,3,1,0,3825641
1041,6,0,0,3,0,3825641
212,12,3,1,0,0,3825642
219,7,3,1,2,0,3825642
208,8,5,1,3,0,3825643
220,17,11,3,0,0,3825643
209,16,8,3,5,0,3825644
210,21,6,2,2,0,3825644
216,6,1,0,3,0,3825645
217,15,6,2,0,0,3825645
213,6,3,1,3,0,3825646
222,12,4,2,5,0,3825646
207,14,7,3,2,0,3825647
221,10,5,0,3,0,3825647
322,11,1,0,2,0,3825648
360,6,2,0,3,0,3825648
223,13,5,0,3,0,3825649
1041,9,5,1,1,0,3825649
215,23,9,3,4,0,3825650
218,11,3,1,2,0,3825650
214,9,4,1,2,0,3825651
1049,10,6,1,6,0,3825651
208,9,4,2,1,0,3825652
210,11,6,0,4,0,3825652
216,9,4,1,1,0,3825653
322,16,7,3,3,0,3825653
207,9,5,5,3,0,3825654
209,17,3,1,1,0,3825654
360,7,2,2,3,0,3825655
1049,8,2,1,3,0,3825655
219,9,5,1,2,0,3825656
221,17,6,1,4,0,3825656
218,7,2,1,5,0,3825657
223,12,5,0,2,0,3825657
212,15,3,1,4,0,3825658
1041,9,2,0,3,0,3825658
214,5,1,1,6,0,3825659
215,8,2,2,2,0,3825659
217,20,9,3,5,0,3825660
222,5,2,0,3,0,3825660
213,15,5,3,1,0,3825661
220,28,11,2,1,0,3825661
209,7,4,0,3,0,3825662
219,5,2,1,6,0,3825662
214,8,3,2,5,0,3825663
223,15,5,0,2,0,3825663
210,14,7,2,2,0,3825664
213,13,5,0,1,0,3825664
215,12,6,0,3,0,3825665
1049,8,1,1,6,0,3825665
212,11,4,1,4,0,3825666
218,7,3,0,1,0,3825666
222,12,4,1,3,0,3825667
322,17,7,1,3,0,3825667
221,13,6,3,5,0,3825668
1041,14,2,0,4,0,3825668
216,15,8,0,5,0,3825669
360,8,4,1,4,0,3825669
218,11,5,1,5,0,3825670
221,14,1,0,6,1,3825670
209,6,4,2,3,0,3825671
1041,8,2,1,0,0,3825671
223,12,7,2,3,0,3825672
1049,11,4,2,6,0,3825672
208,8,5,0,4,0,3825673
219,10,5,1,3,0,3825673
212,21,6,1,0,0,3825674
214,4,0,0,4,0,3825674
215,10,5,3,0,0,3825675
360,15,3,0,4,0,3825675
216,12,5,2,4,0,3825676
222,7,0,0,2,0,3825676
213,16,5,1,3,0,3825677
220,17,6,2,4,0,3825678
322,8,3,0,3,0,3825678
209,5,1,1,5,0,3825679
218,28,5,1,5,0,3825679
213,9,2,1,3,0,3825680
219,8,4,1,2,0,3825680
216,7,3,1,0,0,3825681
220,16,8,4,1,0,3825681
212,13,4,2,1,0,3825682
1049,18,3,0,2,0,3825682
210,10,7,2,3,0,3825683
322,6,2,1,3,0,3825683
222,14,5,2,1,0,3825684
360,8,4,1,4,0,3825684
208,12,7,1,2,0,3825685
1041,22,10,3,2,0,3825685
215,11,2,0,2,1,3825686
223,7,2,0,3,0,3825686
214,9,1,1,4,0,3825687
221,12,6,1,5,0,3825687
210,10,6,1,3,0,3825688
216,9,5,1,3,0,3825688
209,15,3,1,4,0,3825689
214,6,2,0,2,0,3825689
208,16,4,1,3,0,3825690
218,8,2,0,0,0,3825690
221,7,4,1,2,0,3825691
1049,8,3,2,2,0,3825691
213,18,7,2,3,0,3825692
1041,4,1,0,3,0,3825692
212,8,4,2,1,0,3825693
215,10,5,1,1,0,3825693
207,6,1,1,4,0,3825694
322,14,5,1,4,0,3825694
220,20,1,0,2,0,3825695
222,7,3,1,2,0,3825695
223,15,4,2,2,0,3825696
360,13,2,1,1,0,3825696
207,12,7,2,2,0,3825697
216,9,3,2,6,0,3825697
219,14,3,2,1,0,3825698
322,13,1,0,2,0,3825698
213,9,2,0,5,0,3825699
218,13,0,0,7,0,3825699
220,30,15,10,1,0,3825700
360,9,4,2,3,0,3825700
212,6,3,0,5,0,3825701
223,17,4,1,3,0,3825701
210,17,2,0,2,0,3825702
222,7,5,2,1,0,3825702
215,19,7,2,0,0,3825703
221,6,1,0,5,0,3825703
209,10,3,2,2,0,3825704
1049,11,1,0,4,0,3825704
322,15,4,2,3,0,3825705
1041,6,0,0,3,0,3825705
209,7,2,0,3,0,3825706
215,13,5,1,4,0,3825706
208,7,4,3,2,0,3825707
1049,12,5,1,6,0,3825707
221,7,1,0,7,0,3825708
223,10,6,1,5,0,3825708
213,16,10,2,3,0,3825709
214,12,1,0,3,0,3825709
210,13,2,1,4,0,3825710
220,23,13,3,1,0,3825710
212,19,6,2,3,0,3825711
360,10,3,0,3,0,3825711
216,14,5,0,3,0,3825712
219,10,3,0,1,0,3825712
207,6,2,0,3,0,3825713
222,9,3,1,1,0,3825713
212,16,2,1,0,0,3825714
221,9,1,0,4,0,3825714
209,8,1,0,2,0,3825715
223,14,4,2,4,0,3825715
210,15,7,2,3,0,3825716
360,13,5,2,3,0,3825716
213,16,6,1,2,0,3825717
1049,9,4,2,2,0,3825717
207,12,4,2,1,0,3825718
220,17,4,2,1,0,3825718
208,12,5,2,4,0,3825719
215,15,4,2,3,0,3825719
218,11,6,0,4,0,3825720
322,6,5,4,3,0,3825720
219,11,4,1,3,0,3825721
222,6,4,2,3,0,3825721
216,11,2,2,3,0,3825722
1041,17,3,1,3,0,3825722
221,10,4,2,5,0,3825723
360,10,4,1,1,0,3825723
219,18,4,0,3,0,3825724
220,23,9,5,0,0,3825724
216,9,3,1,1,0,3825725
218,11,2,0,3,0,3825725
213,4,4,2,2,0,3825726
215,12,4,0,3,0,3825726
214,7,4,1,2,0,3825727
322,20,7,2,3,0,3825727
209,6,1,0,2,0,3825728
212,10,3,2,1,0,3825728
222,7,3,2,4,0,3825729
1041,12,2,0,2,0,3825729
207,10,3,0,4,0,3825730
210,24,7,2,3,0,3825730
208,5,3,1,5,0,3825731
223,11,3,1,4,0,3825731
209,13,6,4,1,0,3825732
221,16,8,3,4,0,3825732
213,8,3,2,3,0,3825733
223,14,4,1,3,0,3825733
210,16,6,1,1,0,3825734
219,7,4,1,3,0,3825734
218,15,2,0,1,0,3825735
222,9,2,0,2,0,3825735
207,13,5,2,1,0,3825736
360,18,8,2,3,0,3825736
214,13,5,1,2,0,3825737
216,19,5,3,3,0,3825737
208,11,3,0,0,0,3825738
212,11,5,3,2,0,3825738
220,17,9,5,1,0,3825739
1041,9,2,1,1,0,3825739
322,12,7,5,1,0,3825740
1049,4,1,1,4,0,3825740
210,9,3,1,2,0,3825741
1041,13,7,5,2,0,3825741
216,9,2,2,3,0,3825742
1049,20,9,3,3,0,3825742
209,3,1,0,5,0,3825743
360,26,10,3,3,0,3825743
214,11,5,2,4,1,3825744
222,14,5,2,1,0,3825744
207,10,3,1,3,0,3825745
219,8,2,1,3,0,3825745
218,5,2,1,3,0,3825746
220,20,8,1,2,0,3825746
215,10,5,4,2,0,3825747
322,9,2,2,2,0,3825747
212,21,3,0,4,0,3825748
213,7,2,0,4,0,3825748
208,13,4,2,4,0,3825749
221,12,8,3,3,1,3825749
210,11,4,2,1,0,3825750
218,8,1,1,4,0,3825750
215,14,3,1,5,0,3825751
216,11,3,0,3,1,3825751
223,7,4,2,3,0,3825752
322,11,3,1,1,0,3825752
222,13,7,1,4,0,3825753
1049,8,3,0,3,0,3825753
208,13,5,2,6,0,3825754
209,5,2,1,3,0,3825754
207,18,3,0,0,0,3825755
1041,9,3,1,2,0,3825755
213,14,8,3,1,0,3825756
221,22,4,1,1,0,3825756
214,15,5,0,5,0,3825757
220,18,7,5,1,0,3825757
219,17,4,2,0,0,3825758
360,7,3,2,0,0,3825758
216,5,2,0,3,0,3825759
223,9,5,3,3,0,3825759
212,13,4,3,2,0,3825760
322,6,2,1,3,0,3825760
215,10,1,0,5,0,3825761
222,2,2,0,5,0,3825761
219,5,5,1,2,0,3825762
1041,11,2,1,2,0,3825762
208,9,4,0,1,0,3825763
360,19,9,2,3,0,3825763
220,14,4,2,2,0,3825764
1049,14,2,1,3,0,3825764
209,25,5,1,3,0,3825765
213,9,2,1,4,0,3825765
207,7,1,0,6,0,3825766
218,6,2,1,4,0,3825766
210,12,6,5,2,0,3825767
214,5,1,0,1,0,3825767
360,16,4,2,4,0,3825768
1041,11,5,2,3,0,3825768
222,12,5,1,2,0,3825769
223,7,2,0,1,0,3825769
215,11,4,2,2,0,3825770
220,19,10,4,2,0,3825770
218,4,2,2,0,0,3825771
219,26,9,2,1,0,3825771
207,18,5,2,1,0,3825772
214,20,6,1,3,0,3825772
221,8,3,0,2,0,3825773
322,17,7,2,3,0,3825773
212,6,3,1,3,0,3825774
216,12,1,0,2,0,3825774
210,12,6,3,1,0,3825775
1049,14,2,0,2,0,3825775
208,11,3,0,3,0,3825776
213,9,5,2,1,0,3825776
216,14,6,0,2,0,3825777
221,12,6,3,2,0,3825777
218,18,5,1,2,0,3825778
1041,5,3,1,3,0,3825778
209,14,9,3,3,0,3825779
322,7,3,2,2,0,3825779
214,16,9,1,3,0,3825780
219,17,4,0,1,0,3825780
213,16,7,2,2,0,3825781
360,14,4,2,6,0,3825781
207,11,7,2,3,0,3825782
1049,15,4,1,2,0,3825782
210,9,4,1,6,0,3825783
215,10,2,0,7,0,3825783
212,12,4,0,2,0,3825784
222,5,0,0,2,0,3825784
220,14,7,1,2,0,3825785
223,11,5,1,5,0,3825785
208,12,4,1,1,0,3825786
322,10,4,0,4,0,3825786
212,10,5,1,4,0,3825787
220,15,4,0,3,0,3825787
209,9,2,1,4,0,3825788
216,14,2,0,3,0,3825788
210,11,3,1,4,0,3825789
223,8,3,1,5,0,3825789
214,12,7,3,2,0,3825790
1041,14,5,2,5,0,3825790
218,20,4,2,2,0,3825791
360,11,4,2,3,0,3825791
219,14,2,0,2,0,3825792
1049,10,3,1,3,0,3825792
207,9,3,0,2,0,3825793
215,13,4,3,0,0,3825793
221,8,1,0,3,0,3825794
222,9,3,3,0,0,3825794
210,7,1,0,2,0,3825795
212,14,5,2,1,0,3825795
208,12,5,4,5,0,3825796
216,10,2,0,3,0,3825796
215,13,6,4,1,0,3825797
219,8,4,1,3,0,3825797
220,21,9,2,1,0,3825798
221,12,4,1,2,0,3825798
207,12,2,1,5,0,3825799
223,10,1,1,6,0,3825799
209,11,4,0,2,0,3825800
222,6,3,0,5,0,3825800
213,15,4,1,1,0,3825801
322,12,6,0,3,0,3825801
214,19,3,0,4,0,3825802
218,9,6,3,2,0,3825802
1041,4,0,0,4,0,3825803
1049,14,8,2,7,0,3825803
219,15,6,3,4,0,3825804
223,5,2,2,4,1,3825804
208,10,3,1,2,0,3825805
222,12,2,0,1,0,3825805
209,8,3,1,3,0,3825806
220,20,12,7,2,0,3825806
207,10,3,1,2,0,3825807
212,21,5,3,1,0,3825807
215,11,6,2,2,0,3825808
1041,5,1,0,1,0,3825808
218,11,4,2,4,0,3825809
1049,10,4,0,7,0,3825809
210,15,3,1,3,0,3825810
221,10,3,1,3,0,3825810
214,9,7,2,4,0,3825811
360,7,1,1,4,0,3825811
223,13,2,1,2,0,3825812
1041,9,4,0,4,0,3825812
212,16,7,3,1,0,3825813
219,6,1,0,1,0,3825813
209,7,1,1,3,0,3825814
210,15,6,0,2,0,3825814
207,6,1,0,4,0,3825815
221,14,6,1,2,0,3825815
213,14,4,3,2,0,3825816
222,13,5,2,1,0,3825816
216,8,4,1,2,0,3825817
322,20,6,1,2,0,3825817
208,13,7,1,5,0,3825818
210,15,3,0,4,0,3825818
207,14,4,0,1,0,3825819
209,13,6,2,0,0,3825819
213,8,4,0,2,0,3825820
220,26,11,4,2,0,3825820
214,17,7,2,3,0,3825821
215,13,4,1,3,0,3825821
207,8,3,1,4,0,3825822
208,13,6,1,2,0,3825822
210,8,2,1,4,0,3825823
213,15,6,1,4,0,3825823
222,8,4,2,3,0,3825824
322,12,3,1,3,0,3825824
221,17,4,0,5,1,3825825
1041,11,1,0,4,0,3825825
223,9,3,0,3,0,3825826
1049,8,1,0,1,0,3825826
218,7,2,1,4,0,3825827
221,12,3,0,3,0,3825827
212,14,5,3,2,0,3825828
214,10,4,1,2,0,3825828
215,14,7,1,1,0,3825829
360,12,4,0,3,0,3825829
216,17,3,0,2,0,3825830
222,13,3,2,2,0,3825830
207,23,8,2,2,0,3825831
213,7,4,1,2,0,3825831
209,17,5,1,5,0,3825832
1041,11,3,0,2,0,3825832
216,13,4,1,4,0,3825833
220,22,11,5,1,0,3825833
212,8,3,3,3,0,3825834
1049,11,1,0,5,0,3825834
215,6,3,1,5,0,3825835
223,18,7,0,3,0,3825835
222,7,2,1,3,0,3825836
360,14,6,2,2,0,3825836
208,3,0,0,2,0,3825837
218,21,7,1,2,0,3825837
212,8,2,1,0,0,3825838
215,13,6,0,0,0,3825838
213,18,8,1,1,0,3825839
1041,14,2,1,2,0,3825839
207,9,6,4,1,0,3825840
322,9,2,0,2,0,3825840
210,15,5,1,2,0,3825841
216,7,3,2,4,0,3825841
215,19,8,2,1,0,3825842
221,10,5,1,2,0,3825842
223,12,4,1,1,0,3825843
360,11,4,1,3,0,3825843
215,19,9,3,1,0,3825844
218,3,1,1,1,0,3825844
213,7,0,0,3,0,3825845
214,12,7,1,3,0,3825845
219,10,2,0,1,0,3825846
220,16,5,2,3,0,3825846
219,9,1,1,1,0,3825847
322,9,2,1,0,0,3825847
221,12,2,2,2,0,3825848
322,10,4,2,5,0,3825848
207,8,0,0,2,0,3825849
210,15,6,1,2,0,3825849
209,12,3,1,0,0,3825850
223,13,5,0,2,0,3825850
219,8,4,2,1,0,3825851
222,11,4,0,3,0,3825851
208,10,4,1,2,0,3825852
1041,12,2,1,5,0,3825852
213,12,5,1,4,0,3825853
1049,11,7,4,1,0,3825853
322,12,6,0,2,0,3825854
1041,3,3,2,2,0,3825854
221,11,4,1,4,0,3825855
223,24,9,3,2,0,3825855
220,15,6,4,1,0,3825856
322,9,2,0,3,0,3825856
214,10,2,1,0,0,3825857
221,12,4,2,5,0,3825857
322,7,1,1,2,0,3825858
360,12,3,1,5,0,3825858
208,11,5,2,2,0,3825859
1049,14,5,3,3,0,3825859
212,17,5,1,1,0,3825860
221,11,5,2,1,0,3825860
210,12,6,2,2,0,3825861
360,17,5,1,1,0,3825861
209,3,1,1,1,0,3825862
214,9,4,1,1,0,3825862
208,13,6,3,1,0,3825863
219,19,6,1,1,0,3825863
210,11,4,0,4,0,3825864
220,18,6,1,4,0,3825864
216,19,9,1,3,0,3825865
1041,9,3,1,2,0,3825865
208,4,2,0,1,0,3825866
215,9,3,0,1,0,3825866
213,7,4,1,2,0,3825867
216,14,4,1,5,0,3825867
209,16,4,2,2,0,3825868
1049,12,3,1,3,0,3825868
213,8,4,1,3,2,3825869
215,14,7,3,1,0,3825869
209,5,2,1,5,0,3825870
215,11,2,2,1,0,3825870
208,15,9,4,4,0,3825871
214,12,5,0,4,0,3825871
212,17,11,5,1,0,3825872
218,8,5,1,3,0,3825872
207,7,1,0,1,0,3825873
222,8,3,2,2,0,3825873
213,22,14,5,1,0,3825874
216,6,0,0,2,0,3825874
210,7,2,0,1,0,3825875
222,8,3,0,4,0,3825875
216,14,5,1,8,0,3825876
218,7,5,2,1,0,3825876
215,8,1,1,2,0,3825877
1049,9,2,1,5,0,3825877
212,12,6,1,1,0,3825878
360,13,2,0,1,0,3825878
208,15,4,1,4,0,3825879
220,12,4,2,4,0,3825879
219,14,7,1,2,0,3825880
221,7,1,1,3,0,3825880
214,10,2,0,3,0,3825881
1049,8,1,1,6,0,3825881
209,7,4,0,5,0,3825882
212,11,5,2,4,0,3825882
208,12,7,1,1,0,3825883
223,14,8,4,1,0,3825883
213,13,3,2,5,0,3825884
218,8,1,0,4,0,3825884
216,15,3,0,5,0,3825885
360,15,8,2,4,1,3825885
220,16,4,3,1,0,3825886
360,11,6,2,6,0,3825886
360,22,6,2,5,0,3825887
1049,11,2,2,2,0,3825887
207,9,3,1,3,0,3825888
208,18,7,1,3,0,3825888
209,18,5,1,4,0,3825889
218,10,4,1,3,0,3825889
212,14,4,1,3,0,3825890
223,7,4,0,3,0,3825890
208,9,4,0,4,0,3825891
214,13,3,1,4,0,3825891
210,8,5,3,4,0,3825892
1049,11,1,0,5,0,3825892
220,20,6,3,2,0,3825893
222,5,2,0,1,0,3825893
216,9,5,2,6,0,3825894
219,15,5,0,2,0,3825894
208,12,4,2,3,0,3825895
213,16,3,0,4,0,3825895
221,14,5,1,6,0,3825896
1049,13,6,5,6,0,3825896
210,7,3,1,3,0,3825897
322,8,4,2,3,0,3825897
209,9,2,1,4,0,3825898
219,7,3,1,3,0,3825898
207,5,4,2,1,0,3825899
216,18,10,2,4,0,3825899
222,11,5,0,2,0,3825900
1041,16,6,2,1,0,3825900
207,17,8,2,4,1,3825901
220,15,8,3,1,0,3825901
221,11,2,1,3,0,3825902
360,19,9,3,1,0,3825902
218,16,5,0,3,0,3825903
223,14,5,1,2,0,3825903
218,6,3,1,3,0,3825904
322,22,9,1,1,0,3825904
214,6,1,1,4,0,3825905
223,11,5,1,2,0,3825905
213,12,4,1,2,0,3825906
219,5,4,1,2,0,3825906
212,4,1,1,2,0,3825907
1041,12,3,2,5,0,3825907
214,10,7,4,4,0,3825908
322,13,8,2,3,0,3825908
217,19,5,3,2,0,68313
422,8,3,0,5,0,68313
217,17,9,4,1,0,68314
223,2,0,0,2,0,68314
217,16,6,2,4,0,68315
221,6,1,1,4,0,68315
217,22,8,2,4,0,68316
608,4,2,0,4,0,68316
217,21,7,2,4,0,68317
395,7,3,2,4,0,68317
217,25,10,3,1,0,68318
422,5,1,0,3,0,68318
217,21,7,3,2,0,68319
220,5,2,0,3,0,68319
217,11,4,1,3,0,68320
222,6,1,0,1,0,68320
213,7,2,1,2,0,68321
217,17,3,2,4,0,68321
217,21,9,3,1,0,68322
552,12,1,1,3,0,68322
209,4,2,0,3,0,68323
217,14,7,2,1,0,68323
206,3,1,0,2,0,68324
217,27,7,2,1,0,68324
217,12,5,3,3,0,68325
1043,5,2,0,4,0,68325
209,11,3,2,1,0,68326
217,11,6,3,2,0,68326
217,16,6,3,0,0,68327
422,8,1,0,1,0,68327
207,6,2,1,3,0,68328
217,23,6,1,1,0,68328
213,10,4,1,6,0,68329
217,11,5,3,1,0,68329
217,14,3,0,2,0,68330
220,17,6,2,4,0,68330
217,13,5,3,4,0,68331
395,12,4,1,6,0,68331
207,6,3,2,4,0,68332
217,13,3,1,5,1,68332
215,5,1,0,1,0,68333
217,15,7,2,0,0,68333
213,16,7,2,2,0,68334
217,9,5,1,3,1,68334
217,19,9,3,4,0,68335
220,14,7,3,5,0,68335
217,23,11,5,0,0,68336
1036,11,3,1,1,0,68336
216,7,3,1,1,0,68339
217,10,7,3,0,0,68339
217,17,8,3,3,0,68340
1217,8,2,0,5,0,68340
217,11,6,4,2,0,68341
1220,13,6,0,1,0,68341
215,9,2,1,3,0,68342
217,17,8,2,2,1,68342
215,6,2,1,0,0,68347
217,18,5,3,1,0,68347
214,10,3,1,6,0,68348
217,18,6,2,3,0,68348
212,13,5,3,4,0,68350
217,15,6,1,3,0,68350
217,9,2,2,0,0,68351
395,6,2,0,1,0,68351
216,5,1,0,4,0,68352
217,18,6,2,3,0,68352
214,10,2,0,1,0,68353
217,15,4,1,3,0,68353
217,25,7,4,1,0,68354
1217,2,1,1,2,0,68354
214,11,2,1,2,0,68356
217,16,7,1,1,0,68356
217,11,3,2,1,0,68358
1220,14,5,2,2,0,68358
214,7,1,0,7,0,68359
217,19,6,0,7,0,68359
217,18,8,5,0,0,68360
221,9,4,1,0,0,68360
217,15,5,1,6,0,68361
220,20,11,4,3,0,68361
217,12,2,1,0,0,68363
901,15,8,1,1,0,68363
217,13,6,1,3,0,68364
222,8,4,3,1,0,68364
212,8,5,4,4,0,68365
217,17,4,2,4,0,68365
217,12,4,2,2,0,68366
1043,19,8,3,2,0,68366
217,22,7,5,0,0,69138
1041,5,1,1,2,0,69138
214,2,2,2,7,0,69139
217,16,2,1,6,0,69139
207,6,2,0,3,0,69141
217,17,12,6,3,0,69141
217,25,14,6,2,0,69142
223,9,3,0,4,0,69142
217,24,12,4,2,0,69143
395,5,3,1,3,0,69143
212,9,3,0,4,0,69144
217,16,10,3,1,0,69144
207,11,2,0,3,0,69145
217,15,9,3,1,0,69145
213,18,5,1,4,0,69146
217,15,6,1,4,0,69146
217,24,5,0,2,0,69147
444,6,3,1,0,0,69147
213,6,1,1,5,0,69148
217,13,5,2,3,0,69148
207,4,2,0,5,0,69149
217,17,8,4,0,0,69149
217,12,8,4,0,0,69151
221,7,4,1,5,0,69151
217,10,6,2,2,0,69153
608,6,2,1,1,0,69153
217,16,7,2,1,0,69154
1217,6,2,0,1,0,69154
217,16,6,0,3,0,69155
222,9,5,2,2,0,69155
217,15,7,1,2,0,69156
221,9,2,0,4,0,69156
216,10,3,0,4,0,69157
217,12,4,1,4,1,69157
217,18,8,2,2,0,69158
403,6,3,0,3,0,69158
217,24,4,0,1,0,69159
1043,4,2,0,2,0,69159
210,9,1,0,4,0,69160
217,13,6,2,2,0,69160
217,18,3,1,2,0,69162
218,4,3,1,3,0,69162
217,36,18,2,0,0,69164
223,5,0,0,5,0,69164
214,10,5,2,4,0,69165
217,26,6,2,2,0,69165
217,20,7,3,0,0,69166
218,6,2,0,3,0,69166
215,9,5,1,2,0,69169
217,16,6,3,2,0,69169
217,19,10,2,1,0,69170
219,9,5,1,3,0,69170
213,10,2,0,0,0,69171
217,21,9,3,3,0,69171
217,17,7,3,4,0,69172
218,11,8,1,2,0,69172
217,12,2,1,1,0,69173
1217,9,1,0,2,0,69173
217,11,1,1,6,0,69174
219,21,4,1,4,0,69174
217,19,6,2,3,0,69175
219,15,3,1,2,0,69175
212,17,6,0,3,0,69176
217,19,9,6,0,0,69176
217,17,7,2,0,0,69177
403,5,1,0,3,0,69177
216,14,5,2,3,0,69178
217,10,2,0,4,0,69178
217,8,4,0,6,0,69179
395,14,5,1,4,0,69179
217,14,2,0,1,0,69180
1217,14,4,0,1,0,69180
215,16,6,1,3,0,69181
217,8,2,1,0,0,69181
217,11,5,2,2,0,69182
395,15,3,1,4,0,69182
217,21,10,5,0,0,69183
219,1,1,0,0,0,69183
217,19,7,3,2,0,69184
1220,3,0,0,5,0,69184
212,23,9,4,3,0,69185
217,14,6,3,2,0,69185
217,16,9,5,1,0,69186
1230,21,9,3,2,0,69186
217,17,6,1,0,0,69187
422,9,2,0,3,0,69187
217,21,7,4,2,0,69189
444,4,2,1,4,0,69189
217,23,12,2,2,0,69195
218,6,5,2,3,0,69195
217,20,8,3,2,0,69207
218,8,3,2,3,0,69207
217,8,2,2,4,0,69209
1217,7,4,1,1,0,69209
217,14,8,3,2,0,69210
901,12,5,0,2,0,69210
214,3,2,1,4,0,69211
217,31,8,2,2,0,69211
212,7,2,1,4,0,69212
217,18,8,6,2,0,69212
214,10,4,0,3,0,69213
217,4,1,0,3,0,69213
217,13,8,3,1,0,69214
1219,8,3,1,9,0,69214
217,16,6,1,1,0,69215
1217,2,1,1,7,0,69215
215,6,0,0,4,0,69216
217,28,7,2,3,0,69216
217,16,4,3,1,0,69217
222,6,4,3,5,0,69217
217,19,10,3,2,0,69218
219,4,1,1,1,0,69218
217,17,5,4,2,0,69219
627,13,3,0,3,0,69219
217,21,4,1,3,0,69220
1041,5,2,0,6,0,69220
217,22,10,3,0,0,69221
219,5,3,0,3,0,69221
217,16,5,1,0,0,69222
1220,6,3,0,1,0,69222
216,3,0,0,4,0,69223
217,19,8,1,2,0,69223
207,7,4,0,5,0,69224
217,21,9,3,1,0,69224
217,21,9,2,3,0,69225
220,6,3,0,5,0,69225
217,22,8,2,0,0,69226
403,7,2,1,0,0,69226
217,17,6,4,3,0,69227
395,11,2,2,3,0,69227
217,16,6,2,3,0,69228
222,8,1,1,3,0,69228
216,19,3,0,3,0,69229
217,14,9,2,1,0,69229
217,17,9,3,3,0,69230
422,5,5,2,2,0,69230
217,18,7,3,2,0,69231
1041,5,2,1,3,0,69231
217,13,9,5,0,0,69232
403,6,2,0,3,0,69232
217,16,9,4,3,0,69233
1217,5,0,0,4,0,69233
214,7,2,0,3,0,69234
217,14,6,2,1,0,69234
217,13,4,3,3,0,69235
223,5,2,1,2,0,69235
217,25,10,1,0,0,69236
1043,10,3,1,6,0,69236
212,13,7,2,2,0,69237
217,13,7,1,5,0,69237
217,22,7,2,1,0,69238
223,5,2,1,1,0,69238
213,7,5,2,5,0,69239
217,18,7,3,6,0,69239
216,15,6,1,3,0,69240
217,16,6,2,3,0,69240
217,20,8,4,0,0,69241
627,4,2,1,4,0,69241
217,14,7,3,1,0,69242
901,8,3,0,3,0,69242
213,5,1,0,4,0,69243
217,26,12,3,2,0,69243
217,13,6,4,3,0,69244
222,7,2,1,4,0,69244
217,10,5,1,5,0,69245
220,13,5,1,2,0,69245
210,8,3,2,2,0,69246
217,11,7,1,1,0,69246
215,15,6,1,1,0,69247
217,16,7,4,1,0,69247
217,15,6,1,6,0,69248
1041,7,1,1,4,0,69248
217,17,13,6,2,0,69249
220,5,4,2,4,0,69249
217,16,9,4,1,0,69250
1043,10,5,2,2,0,69250
207,10,5,2,5,0,69251
217,13,6,2,2,0,69251
207,12,3,0,5,0,69252
217,13,3,0,2,0,69252
217,17,13,6,0,0,69253
395,7,5,1,2,0,69253
217,21,6,4,1,0,69254
1217,5,2,1,4,0,69254
217,11,6,2,3,0,69255
223,3,0,0,3,0,69255
217,16,7,1,3,0,69256
403,1,0,0,3,0,69256
217,15,5,2,4,0,69257
422,3,1,0,2,0,69257
217,7,4,2,4,0,69259
220,17,7,0,4,0,69259
207,6,3,1,4,0,69260
217,13,7,2,2,0,69260
217,8,3,1,1,0,69262
220,16,2,0,5,0,69262
217,18,9,2,1,0,69263
395,5,3,0,5,0,69263
210,10,3,2,2,0,69264
217,13,6,2,2,0,69264
217,13,5,1,2,0,69265
1041,6,1,0,2,0,69265
217,12,3,2,0,0,69267
1219,7,4,0,1,0,69267
217,18,10,5,3,0,69268
222,4,1,0,3,0,69268
212,7,4,1,4,0,69269
217,17,9,2,5,0,69269
216,12,4,1,4,0,69270
217,15,8,3,2,0,69270
217,11,2,2,2,0,69271
422,12,4,0,2,0,69271
217,10,2,1,1,0,69272
221,8,2,1,1,0,69272
217,13,5,1,0,0,69273
901,6,1,0,1,0,69273
207,7,1,0,4,0,69274
217,18,7,1,2,0,69274
214,7,5,1,5,0,69275
217,21,11,5,3,0,69275
212,8,3,0,3,0,69276
217,16,8,3,2,0,69276
217,15,7,1,4,0,69277
422,8,3,0,1,0,69277
217,12,9,4,1,0,69278
223,4,2,1,1,0,69278
217,21,13,6,1,0,69279
901,3,2,0,1,0,69279
217,7,5,4,0,0,69280
219,7,1,0,1,0,69280
215,4,3,1,3,0,69282
217,21,5,2,3,0,69282
217,8,4,3,0,0,69283
1043,8,2,0,1,0,69283
217,21,7,2,2,0,69285
1220,7,2,0,3,0,69285
217,9,5,3,1,0,69286
1217,11,7,0,4,0,69286
217,16,8,0,2,0,69287
1218,9,7,2,2,0,69287
215,8,1,1,1,0,69288
217,13,4,1,1,0,69288
213,3,1,0,3,0,69289
217,17,8,5,1,0,69289
213,12,4,1,5,0,69291
217,13,5,1,2,0,69291
212,13,4,2,3,0,69292
217,8,6,5,1,0,69292
217,18,6,3,0,0,69293
1217,3,3,0,2,0,69293
217,13,9,3,1,0,69295
1217,8,3,0,0,0,69295
217,19,8,3,1,0,69296
1218,4,1,0,3,0,69296
212,6,2,0,1,0,69297
217,17,8,4,1,0,69297
217,7,5,1,3,0,69298
1043,11,2,0,4,0,69298
217,14,6,5,5,0,69299
220,5,2,0,7,0,69299
217,25,12,1,1,0,69300
395,3,1,0,1,0,69300
210,2,0,0,0,0,69302
217,22,8,5,1,0,69302
216,8,3,1,2,0,69303
217,14,5,2,3,0,69303
217,10,6,1,4,0,69304
222,7,3,0,2,0,69304
217,19,7,3,3,0,69305
403,4,2,1,3,0,69305
217,20,13,7,1,0,69306
403,9,2,0,2,0,69306
217,14,9,3,0,0,69307
422,4,2,0,3,0,69307
217,14,4,3,2,0,69308
222,9,2,1,3,0,69308
214,15,3,1,7,0,69312
217,10,3,1,1,0,69312
217,20,8,5,1,0,69314
1043,3,0,0,2,0,69314
216,7,1,1,4,0,69315
217,20,6,0,3,0,69315
210,8,5,1,2,0,69316
217,19,8,2,0,0,69316
217,17,6,1,4,0,69318
1049,2,0,0,5,1,69318
217,11,6,2,1,0,69319
218,5,2,2,2,0,69319
214,10,2,0,5,0,69320
217,14,6,4,4,0,69320
217,22,8,2,0,0,69322
1217,1,0,0,6,0,69322
215,5,0,0,3,0,69323
217,20,13,2,1,0,69323
217,14,4,1,2,0,69324
220,14,6,2,4,0,69324
217,16,5,2,2,0,69325
1043,9,2,0,2,0,69325
213,10,3,0,3,0,69326
217,17,9,2,3,0,69326
217,15,8,4,3,0,69327
218,10,5,2,5,0,69327
207,3,3,1,3,0,69328
217,30,14,5,0,0,69328
213,5,2,0,7,1,69329
217,20,6,0,3,0,69329
215,3,3,1,4,0,69330
217,16,9,2,1,0,69330
217,27,11,4,2,0,69331
395,3,0,0,3,0,69331
217,13,6,4,2,0,69332
360,9,3,0,3,0,69332
217,18,9,5,2,0,69333
221,5,3,0,3,0,69333
217,11,7,3,3,0,69334
220,17,5,1,4,0,69334
217,15,10,4,0,0,69335
223,9,6,1,1,0,69335
217,19,8,2,6,0,69336
422,7,3,3,2,0,69336
212,13,5,1,8,0,69337
217,8,3,2,5,0,69337
217,11,5,0,2,0,69338
222,5,2,0,5,0,69338
217,11,6,4,2,0,69340
223,11,3,1,2,0,69340
216,3,0,0,1,0,69343
217,15,6,4,1,0,69343
217,15,8,4,5,0,70219
395,12,5,1,5,0,70219
217,18,14,7,1,0,70220
422,6,1,0,5,0,70220
217,17,8,2,2,0,70221
221,6,2,1,5,0,70221
207,8,1,1,4,1,70223
217,10,7,2,1,0,70223
217,18,8,6,1,0,70224
360,10,4,0,4,0,70224
217,18,7,5,3,0,70225
1049,6,3,3,7,0,70225
209,7,3,2,4,0,70256
217,6,3,2,3,0,70256
210,6,2,1,3,0,70259
217,18,10,5,2,0,70259
217,19,9,5,1,0,70260
422,3,1,1,2,0,70260
217,15,10,2,3,0,70262
422,15,5,1,6,1,70262
215,6,2,1,3,0,70263
217,16,10,5,1,0,70263
216,4,3,0,2,0,70264
217,23,3,0,0,0,70264
217,19,11,1,0,0,70270
1049,7,3,0,3,0,70270
213,6,3,1,2,0,70271
217,17,4,2,0,0,70271
217,5,2,1,6,1,70272
220,14,6,2,4,0,70272
215,4,2,0,1,0,70273
217,15,8,2,1,0,70273
213,8,3,2,2,1,70275
217,15,6,3,2,0,70275
217,16,10,5,1,0,70276
360,18,3,0,5,0,70276
217,23,14,7,1,0,70277
221,4,1,0,3,0,70277
217,13,7,4,2,0,70280
221,13,4,0,0,0,70280
217,18,11,4,1,0,70281
218,5,3,2,1,0,70281
207,17,5,1,3,0,70282
217,10,2,1,1,0,70282
214,8,2,0,3,0,70283
217,19,5,1,1,0,70283
212,12,3,1,1,0,70284
217,11,2,1,2,0,70284
207,8,2,0,3,0,70286
217,17,6,1,1,0,70286
210,14,5,3,3,0,70287
217,8,3,2,3,0,70287
217,16,5,1,1,0,70288
221,7,4,1,2,0,70288
217,19,7,1,3,0,70289
222,5,2,2,3,0,70289
217,23,9,3,1,0,70291
223,3,2,0,3,0,70291
216,5,1,0,2,0,70292
217,14,9,4,2,0,70292
217,13,5,2,2,0,70293
220,11,6,1,5,0,70293
217,18,6,2,1,0,70294
1049,7,6,1,2,0,70294
217,13,8,2,2,0,70295
218,10,3,1,3,0,70295
212,8,1,1,1,0,70296
217,9,5,4,1,0,70296
216,6,2,1,2,0,70297
217,16,8,6,1,0,70297
207,16,9,2,2,0,70298
217,19,9,3,3,0,70298
217,10,2,2,2,0,70300
220,9,3,2,4,0,70300
213,7,2,2,5,0,70301
217,18,9,3,2,0,70301
217,13,7,4,1,0,70302
360,16,9,0,2,0,70302
212,4,2,1,6,0,70303
217,17,7,3,3,0,70303
217,10,6,5,4,0,70304
219,12,7,3,4,0,70304
217,12,7,2,2,0,70305
219,4,0,0,1,0,70305
214,8,1,0,4,0,70306
217,22,10,1,2,0,70306
217,19,7,3,1,0,70307
360,16,8,1,5,0,70307
209,11,4,1,2,0,70308
217,12,6,3,1,0,70308
217,8,3,3,0,0,70309
395,12,2,1,1,0,70309
217,15,2,1,2,0,9575
218,3,0,0,1,0,9575
206,11,2,0,2,0,9581
217,23,12,2,3,0,9581
214,9,1,0,5,0,9592
217,20,9,5,1,0,9592
216,13,4,1,2,0,9602
217,7,5,2,4,0,9602
217,11,10,6,0,0,9609
322,13,4,1,2,0,9609
211,14,2,0,3,0,9620
217,10,5,1,0,0,9620
208,11,1,0,1,0,9636
217,22,10,3,5,0,9636
212,5,4,1,3,0,9642
217,15,7,1,2,0,9642
217,12,4,2,1,0,9650
223,13,5,0,4,0,9650
215,17,5,0,1,0,9661
217,17,5,2,4,0,9661
213,8,3,1,0,0,9673
217,18,5,2,1,0,9673
205,18,7,0,1,0,9682
217,11,6,3,2,0,9682
207,9,1,1,4,0,9695
217,12,8,1,0,0,9695
209,10,5,2,6,0,9700
217,22,7,2,3,0,9700
217,16,6,2,1,0,9717
222,9,5,0,2,0,9717
217,23,11,4,0,0,9726
219,10,3,0,1,0,9726
217,18,11,3,2,0,9736
220,13,5,0,2,0,9736
217,16,8,3,0,0,9742
221,9,2,0,4,0,9742
210,13,6,2,2,0,9754
217,11,5,4,2,0,9754
217,14,9,5,2,0,9765
218,7,2,0,2,0,9765
206,7,4,1,2,0,9774
217,18,12,2,0,0,9774
214,7,2,1,5,0,9783
217,13,3,1,3,0,9783
216,10,2,0,3,0,9794
217,13,6,0,2,0,9794
217,10,6,2,1,0,9799
322,14,3,0,2,1,9799
211,10,4,1,1,0,9811
217,21,13,6,1,0,9811
208,12,1,1,6,0,9827
217,10,4,1,3,0,9827
212,5,1,0,2,0,9837
217,17,5,1,2,0,9837
215,10,3,0,2,0,9855
217,17,9,2,2,0,9855
213,21,5,2,2,0,9860
217,20,9,2,0,0,9860
205,11,1,1,4,0,9870
217,12,6,3,2,0,9870
207,17,6,1,2,0,9880
217,12,7,2,2,0,9880
209,18,7,2,3,0,9889
217,14,6,2,0,0,9889
217,21,9,4,1,0,9912
219,17,5,2,1,0,9912
217,11,4,2,3,0,9924
220,17,5,2,5,0,9924
217,13,6,5,0,0,9928
222,20,7,1,3,0,9928
210,13,2,0,2,0,9948
217,12,4,1,3,0,9948
