match_id,match_date,kick_off,home_team,away_team,home_score,away_score,match_week,season_name,season_start,season_end
9880,2018-04-14,16:15,Barcelona,Valencia,2,1,32,2017/2018,2017,2018
9912,2018-04-29,20:45,RC Deportivo La Coruña,Barcelona,2,4,35,2017/2018,2017,2018
9924,2018-05-06,20:45,Barcelona,Real Madrid,2,2,36,2017/2018,2017,2018
9855,2018-03-18,16:15,Barcelona,Athletic Club,2,0,29,2017/2018,2017,2018
9827,2018-03-01,21:00,Las Palmas,Barcelona,1,1,26,2017/2018,2017,2018
9799,2018-02-17,16:15,Eibar,Barcelona,0,2,24,2017/2018,2017,2018
9636,2017-10-01,16:15,Barcelona,Las Palmas,3,0,7,2017/2018,2017,2018
9609,2017-09-19,22:00,Barcelona,Eibar,6,1,5,2017/2018,2017,2018
9575,2017-08-20,20:15,Barcelona,Real Betis,2,0,1,2017/2018,2017,2018
9928,2018-05-09,20:00,Barcelona,Villarreal,5,1,34,2017/2018,2017,2018
9736,2017-12-23,13:00,Real Madrid,Barcelona,0,3,17,2017/2018,2017,2018
9742,2018-01-07,16:15,Barcelona,Levante UD,3,0,18,2017/2018,2017,2018
9765,2018-01-21,20:45,Real Betis,Barcelona,0,5,20,2017/2018,2017,2018
9661,2017-10-28,20:45,Athletic Club,Barcelona,0,2,10,2017/2018,2017,2018
9592,2017-09-09,20:45,Barcelona,Espanyol,5,0,3,2017/2018,2017,2018
9870,2018-04-07,20:45,Barcelona,Leganés,3,1,31,2017/2018,2017,2018
9783,2018-02-04,16:15,Espanyol,Barcelona,1,1,22,2017/2018,2017,2018
9700,2017-12-02,13:00,Barcelona,Celta Vigo,2,2,14,2017/2018,2017,2018
9860,2018-03-31,20:45,Sevilla,Barcelona,2,2,30,2017/2018,2017,2018
9695,2017-11-26,20:45,Valencia,Barcelona,1,1,13,2017/2018,2017,2018
9794,2018-02-11,16:15,Barcelona,Getafe,0,0,23,2017/2018,2017,2018
9717,2017-12-10,20:45,Villarreal,Barcelona,0,2,15,2017/2018,2017,2018
9673,2017-11-04,20:45,Barcelona,Sevilla,2,1,11,2017/2018,2017,2018
9650,2017-10-21,20:45,Barcelona,Málaga,2,0,9,2017/2018,2017,2018
9620,2017-09-23,20:45,Girona,Barcelona,0,3,6,2017/2018,2017,2018
9837,2018-03-04,16:15,Barcelona,Atlético Madrid,1,0,27,2017/2018,2017,2018
9811,2018-02-24,20:45,Barcelona,Girona,6,1,25,2017/2018,2017,2018
9642,2017-10-14,20:45,Atlético Madrid,Barcelona,1,1,8,2017/2018,2017,2018
9774,2018-01-28,20:45,Barcelona,Deportivo Alavés,2,1,21,2017/2018,2017,2018
9602,2017-09-16,16:15,Getafe,Barcelona,1,2,4,2017/2018,2017,2018
9948,2018-05-20,20:45,Barcelona,Real Sociedad,1,0,38,2017/2018,2017,2018
9682,2017-11-18,16:15,Leganés,Barcelona,0,3,12,2017/2018,2017,2018
9581,2017-08-26,18:15,Deportivo Alavés,Barcelona,0,2,2,2017/2018,2017,2018
9726,2017-12-17,20:45,Barcelona,RC Deportivo La Coruña,4,0,16,2017/2018,2017,2018
9754,2018-01-14,20:45,Real Sociedad,Barcelona,2,4,19,2017/2018,2017,2018
9889,2018-04-17,21:00,Celta Vigo,Barcelona,2,2,33,2017/2018,2017,2018
266989,2016-11-06,20:45,Sevilla,Barcelona,1,2,11,2016/2017,2016,2017
266357,2016-12-10,13:00,Osasuna,Barcelona,0,3,15,2016/2017,2016,2017
267569,2017-04-23,20:45,Real Madrid,Barcelona,2,3,33,2016/2017,2016,2017
267212,2016-09-17,13:00,Leganés,Barcelona,1,5,4,2016/2017,2016,2017
266669,2016-09-10,20:30,Barcelona,Deportivo Alavés,1,2,3,2016/2017,2016,2017
266892,2016-08-28,20:15,Athletic Club,Barcelona,0,1,2,2016/2017,2016,2017
267220,2016-09-21,22:00,Barcelona,Atlético Madrid,1,1,5,2016/2017,2016,2017
267670,2016-08-20,18:15,Barcelona,Real Betis,6,2,1,2016/2017,2016,2017
266516,2017-01-29,12:00,Real Betis,Barcelona,1,1,20,2016/2017,2016,2017
267039,2017-05-14,20:00,Las Palmas,Barcelona,1,4,37,2016/2017,2016,2017
266477,2017-01-08,20:45,Villarreal,Barcelona,1,1,17,2016/2017,2016,2017
267101,2017-04-26,19:30,Barcelona,Osasuna,7,1,34,2016/2017,2016,2017
266440,2017-03-19,20:45,Barcelona,Valencia,4,2,28,2016/2017,2016,2017
266033,2016-10-22,16:15,Valencia,Barcelona,2,3,9,2016/2017,2016,2017
267660,2017-03-12,16:15,RC Deportivo La Coruña,Barcelona,2,1,27,2016/2017,2016,2017
266273,2017-02-11,16:15,Deportivo Alavés,Barcelona,0,6,22,2016/2017,2016,2017
267395,2017-01-14,16:15,Barcelona,Las Palmas,5,0,18,2016/2017,2016,2017
266874,2017-02-04,16:15,Barcelona,Athletic Club,3,0,21,2016/2017,2016,2017
266731,2017-01-22,20:45,Eibar,Barcelona,0,4,19,2016/2017,2016,2017
266528,2016-12-18,20:45,Barcelona,Espanyol,4,1,16,2016/2017,2016,2017
266280,2017-04-05,19:30,Barcelona,Sevilla,3,0,30,2016/2017,2016,2017
267432,2017-05-21,20:00,Barcelona,Eibar,4,2,38,2016/2017,2016,2017
267076,2016-12-03,16:15,Barcelona,Real Madrid,1,1,14,2016/2017,2016,2017
267590,2017-04-08,20:45,Málaga,Barcelona,2,0,31,2016/2017,2016,2017
267373,2017-04-15,20:45,Barcelona,Real Sociedad,3,2,32,2016/2017,2016,2017
267077,2017-04-29,20:45,Espanyol,Barcelona,0,3,35,2016/2017,2016,2017
266952,2017-05-06,18:30,Barcelona,Villarreal,4,1,36,2016/2017,2016,2017
267464,2017-02-26,16:15,Atlético Madrid,Barcelona,1,2,24,2016/2017,2016,2017
266299,2017-03-04,20:45,Barcelona,Celta Vigo,5,0,26,2016/2017,2016,2017
266191,2016-11-27,20:45,Real Sociedad,Barcelona,1,1,13,2016/2017,2016,2017
265952,2017-03-01,19:30,Barcelona,Sporting Gijón,6,1,25,2016/2017,2016,2017
267492,2016-10-15,16:15,Barcelona,RC Deportivo La Coruña,4,0,8,2016/2017,2016,2017
267596,2017-02-19,20:45,Barcelona,Leganés,2,1,23,2016/2017,2016,2017
267058,2016-10-29,20:45,Barcelona,Granada,1,0,10,2016/2017,2016,2017
69243,2010-01-16,22:00,Barcelona,Sevilla,4,0,18,2009/2010,2009,2010
69241,2010-05-04,20:00,Barcelona,Tenerife,4,1,36,2009/2010,2009,2010
69239,2010-05-08,21:00,Sevilla,Barcelona,2,3,37,2009/2010,2009,2010
69257,2010-03-24,20:00,Barcelona,Osasuna,2,0,28,2009/2010,2009,2010
69253,2009-10-25,21:00,Barcelona,Real Zaragoza,6,1,8,2009/2010,2009,2010
69244,2010-05-01,22:00,Villarreal,Barcelona,1,4,35,2009/2010,2009,2010
69277,2009-10-31,20:00,Osasuna,Barcelona,1,1,9,2009/2010,2009,2010
69229,2009-09-12,18:00,Getafe,Barcelona,0,2,2,2009/2010,2009,2010
69219,2010-01-10,21:00,Tenerife,Barcelona,0,5,17,2009/2010,2009,2010
69218,2009-12-05,22:00,RC Deportivo La Coruña,Barcelona,1,3,13,2009/2010,2009,2010
69250,2009-11-07,20:00,Barcelona,Mallorca,4,2,10,2009/2010,2009,2010
69242,2010-05-16,19:00,Barcelona,Real Valladolid,4,0,38,2009/2010,2009,2010
69256,2009-10-03,20:00,Barcelona,Almería,1,0,6,2009/2010,2009,2010
69298,2010-03-27,20:00,Mallorca,Barcelona,0,1,29,2009/2010,2009,2010
69259,2010-04-10,22:00,Real Madrid,Barcelona,0,2,31,2009/2010,2009,2010
69224,2010-03-14,19:00,Barcelona,Valencia,3,0,26,2009/2010,2009,2010
69210,2010-01-23,20:00,Real Valladolid,Barcelona,0,3,19,2009/2010,2009,2010
69220,2010-01-30,20:00,Sporting Gijón,Barcelona,0,1,20,2009/2010,2009,2010
69237,2010-02-14,21:00,Atlético Madrid,Barcelona,2,1,22,2009/2010,2009,2010
69226,2010-03-06,20:00,Almería,Barcelona,2,2,25,2009/2010,2009,2010
69252,2009-10-17,22:00,Valencia,Barcelona,0,0,7,2009/2010,2009,2010
69255,2009-09-26,20:00,Málaga,Barcelona,0,2,5,2009/2010,2009,2010
69214,2010-04-24,18:00,Barcelona,Xerez,3,1,34,2009/2010,2009,2010
69262,2009-11-29,19:00,Barcelona,Real Madrid,1,0,12,2009/2010,2009,2010
69240,2010-02-06,20:00,Barcelona,Getafe,2,1,21,2009/2010,2009,2010
69233,2010-02-20,20:00,Barcelona,Racing Santander,4,0,23,2009/2010,2009,2010
69213,2010-04-17,20:00,Espanyol,Barcelona,0,0,33,2009/2010,2009,2010
69238,2010-02-27,22:00,Barcelona,Málaga,2,1,24,2009/2010,2009,2010
69267,2009-12-02,22:00,Xerez,Barcelona,0,2,15,2009/2010,2009,2010
69288,2009-11-21,22:00,Athletic Club,Barcelona,1,1,11,2009/2010,2009,2010
69254,2009-09-22,22:00,Racing Santander,Barcelona,1,4,4,2009/2010,2009,2010
69292,2009-09-19,22:00,Barcelona,Atlético Madrid,5,2,3,2009/2010,2009,2010
69227,2010-03-21,21:00,Real Zaragoza,Barcelona,2,4,27,2009/2010,2009,2010
69247,2010-04-03,20:00,Barcelona,Athletic Club,4,1,30,2009/2010,2009,2010
69221,2010-04-14,22:00,Barcelona,RC Deportivo La Coruña,3,0,32,2009/2010,2009,2010
69276,2011-02-05,22:00,Barcelona,Atlético Madrid,3,0,22,2010/2011,2010,2011
69304,2011-04-02,22:00,Villarreal,Barcelona,0,1,30,2010/2011,2010,2011
69307,2010-12-04,20:45,Osasuna,Barcelona,0,3,14,2010/2011,2010,2011
69271,2011-04-23,20:00,Barcelona,Osasuna,2,0,33,2010/2011,2010,2011
69305,2011-04-09,20:00,Barcelona,Almería,3,1,31,2010/2011,2010,2011
69278,2011-01-16,21:00,Barcelona,Málaga,4,1,19,2010/2011,2010,2011
69275,2010-12-18,20:00,Espanyol,Barcelona,1,5,16,2010/2011,2010,2011
69295,2011-01-22,20:00,Barcelona,Racing Santander,3,0,20,2010/2011,2010,2011
69270,2010-11-07,19:00,Getafe,Barcelona,1,3,10,2010/2011,2010,2011
69303,2011-03-19,20:00,Barcelona,Getafe,2,1,29,2010/2011,2010,2011
69245,2011-04-16,22:00,Real Madrid,Barcelona,1,1,32,2010/2011,2010,2011
69287,2010-09-11,18:00,Barcelona,Hércules,0,2,2,2010/2011,2010,2011
69296,2011-01-29,20:00,Hércules,Barcelona,0,3,21,2010/2011,2010,2011
69260,2010-10-16,20:00,Barcelona,Valencia,2,1,7,2010/2011,2010,2011
69269,2010-09-19,19:00,Atlético Madrid,Barcelona,1,2,3,2010/2011,2010,2011
69246,2011-04-30,20:00,Real Sociedad,Barcelona,2,1,34,2010/2011,2010,2011
69302,2010-12-12,21:00,Barcelona,Real Sociedad,5,0,15,2010/2011,2010,2011
69282,2011-02-20,21:00,Barcelona,Athletic Club,2,1,24,2010/2011,2010,2011
69274,2011-03-02,22:00,Valencia,Barcelona,0,1,26,2010/2011,2010,2011
69283,2011-02-26,20:00,Mallorca,Barcelona,0,3,25,2010/2011,2010,2011
69280,2011-01-08,22:00,RC Deportivo La Coruña,Barcelona,0,4,18,2010/2011,2010,2011
69286,2010-08-29,19:00,Racing Santander,Barcelona,0,3,1,2010/2011,2010,2011
69291,2011-03-13,21:00,Sevilla,Barcelona,1,1,28,2010/2011,2010,2011
69236,2010-10-03,19:00,Barcelona,Mallorca,1,1,6,2010/2011,2010,2011
69234,2011-05-08,19:00,Barcelona,Espanyol,2,0,35,2010/2011,2010,2011
69272,2011-05-11,20:00,Levante UD,Barcelona,1,1,36,2010/2011,2010,2011
69308,2010-11-13,22:00,Barcelona,Villarreal,3,1,11,2010/2011,2010,2011
69299,2010-11-29,21:00,Barcelona,Real Madrid,5,0,13,2010/2011,2010,2011
69300,2011-03-05,20:00,Barcelona,Real Zaragoza,1,0,27,2010/2011,2010,2011
69289,2010-10-30,22:00,Barcelona,Sevilla,5,0,9,2010/2011,2010,2011
69263,2010-10-23,18:00,Real Zaragoza,Barcelona,0,2,8,2010/2011,2010,2011
69306,2010-11-20,20:00,Almería,Barcelona,0,8,12,2010/2011,2010,2011
69248,2011-02-12,20:00,Sporting Gijón,Barcelona,1,1,23,2010/2011,2010,2011
69328,2012-02-19,21:30,Barcelona,Valencia,5,1,24,2011/2012,2011,2012
69329,2011-10-22,22:00,Barcelona,Sevilla,0,0,9,2011/2012,2011,2012
70219,2012-04-07,20:00,Real Zaragoza,Barcelona,1,4,32,2011/2012,2011,2012
69331,2011-11-19,20:00,Barcelona,Real Zaragoza,4,0,13,2011/2012,2011,2012
69337,2012-02-26,21:30,Atlético Madrid,Barcelona,1,2,25,2011/2012,2011,2012
69322,2012-03-11,18:00,Racing Santander,Barcelona,0,2,27,2011/2012,2011,2012
69316,2012-02-04,22:00,Barcelona,Real Sociedad,2,1,22,2011/2012,2011,2012
69332,2011-11-29,21:00,Barcelona,Rayo Vallecano,4,0,17,2011/2012,2011,2012
69335,2012-01-22,18:00,Málaga,Barcelona,1,4,1,2011/2012,2011,2012
69330,2011-11-06,20:00,Athletic Club,Barcelona,2,2,12,2011/2012,2011,2012
69297,2011-09-24,22:00,Barcelona,Atlético Madrid,5,0,6,2011/2012,2011,2012
69325,2012-03-24,18:00,Mallorca,Barcelona,0,2,30,2011/2012,2011,2012
69324,2012-04-21,20:00,Barcelona,Real Madrid,1,2,35,2011/2012,2011,2012
70225,2012-03-20,21:00,Barcelona,Granada,5,3,29,2011/2012,2011,2012
69293,2011-10-15,20:00,Barcelona,Racing Santander,3,0,8,2011/2012,2011,2012
70223,2011-09-21,22:00,Valencia,Barcelona,2,2,5,2011/2012,2011,2012
69333,2011-12-03,20:00,Barcelona,Levante UD,5,0,15,2011/2012,2011,2012
69264,2011-09-10,18:00,Real Sociedad,Barcelona,2,2,3,2011/2012,2011,2012
69343,2012-04-10,21:00,Barcelona,Getafe,4,0,33,2011/2012,2011,2012
69340,2012-05-02,20:00,Barcelona,Málaga,4,1,20,2011/2012,2011,2012
69265,2011-10-02,20:00,Sporting Gijón,Barcelona,0,1,7,2011/2012,2011,2012
69319,2012-05-12,22:00,Real Betis,Barcelona,2,2,38,2011/2012,2011,2012
69334,2011-12-10,22:00,Real Madrid,Barcelona,1,3,16,2011/2012,2011,2012
69327,2012-01-15,21:30,Barcelona,Real Betis,4,2,19,2011/2012,2011,2012
69315,2011-11-26,22:00,Getafe,Barcelona,1,0,14,2011/2012,2011,2012
69336,2012-02-11,20:00,Osasuna,Barcelona,3,2,23,2011/2012,2011,2012
69326,2012-03-17,20:00,Sevilla,Barcelona,0,2,28,2011/2012,2011,2012
69268,2011-08-29,21:00,Barcelona,Villarreal,5,0,2,2011/2012,2011,2012
69320,2012-05-05,21:00,Barcelona,Espanyol,4,0,37,2011/2012,2011,2012
69312,2012-01-08,21:30,Espanyol,Barcelona,1,1,18,2011/2012,2011,2012
69314,2011-10-29,20:00,Barcelona,Mallorca,5,0,11,2011/2012,2011,2012
69318,2011-10-25,20:00,Granada,Barcelona,0,1,10,2011/2012,2011,2012
69338,2012-01-28,22:00,Villarreal,Barcelona,0,0,21,2011/2012,2011,2012
70220,2011-09-17,20:00,Barcelona,Osasuna,8,0,4,2011/2012,2011,2012
70224,2012-04-29,21:30,Rayo Vallecano,Barcelona,0,7,36,2011/2012,2011,2012
70221,2012-04-14,22:00,Levante UD,Barcelona,1,2,34,2011/2012,2011,2012
69323,2012-03-31,22:00,Barcelona,Athletic Club,2,0,31,2011/2012,2011,2012
266015,2012-12-22,18:00,Real Valladolid,Barcelona,1,3,17,2012/2013,2012,2013
70270,2012-09-22,22:00,Barcelona,Granada,2,0,5,2012/2013,2012,2013
70281,2013-05-05,21:00,Barcelona,Real Betis,4,2,34,2012/2013,2012,2013
70308,2012-11-03,18:00,Barcelona,Celta Vigo,3,1,10,2012/2013,2012,2013
70282,2013-02-03,19:00,Valencia,Barcelona,1,1,22,2012/2013,2012,2013
266724,2012-11-11,17:50,Mallorca,Barcelona,2,4,11,2012/2013,2012,2013
70272,2013-03-02,16:00,Real Madrid,Barcelona,2,1,26,2012/2013,2012,2013
70304,2012-10-20,22:00,RC Deportivo La Coruña,Barcelona,4,5,8,2012/2013,2012,2013
70280,2012-11-25,21:00,Levante UD,Barcelona,0,4,13,2012/2013,2012,2013
70296,2012-12-16,21:00,Barcelona,Atlético Madrid,4,1,16,2012/2013,2012,2013
70297,2013-02-10,12:00,Barcelona,Getafe,6,1,23,2012/2013,2012,2013
266433,2013-01-06,19:00,Barcelona,Espanyol,4,0,18,2012/2013,2012,2013
70256,2013-03-30,18:00,Celta Vigo,Barcelona,2,2,29,2012/2013,2012,2013
70259,2012-08-19,21:00,Barcelona,Real Sociedad,5,1,1,2012/2013,2012,2013
70260,2013-01-27,19:00,Barcelona,Osasuna,5,1,21,2012/2013,2012,2013
70263,2012-12-01,20:00,Barcelona,Athletic Club,5,1,14,2012/2013,2012,2013
70276,2012-10-27,22:00,Rayo Vallecano,Barcelona,0,5,9,2012/2013,2012,2013
70287,2013-01-19,18:00,Real Sociedad,Barcelona,3,2,20,2012/2013,2012,2013
70284,2013-05-12,19:00,Atlético Madrid,Barcelona,1,2,35,2012/2013,2012,2013
70275,2012-09-29,22:00,Sevilla,Barcelona,2,3,6,2012/2013,2012,2013
70286,2012-09-02,21:30,Barcelona,Valencia,1,0,3,2012/2013,2012,2013
70309,2012-11-17,20:00,Barcelona,Real Zaragoza,3,1,12,2012/2013,2012,2013
70300,2012-10-07,19:50,Barcelona,Real Madrid,2,2,7,2012/2013,2012,2013
70295,2012-12-09,21:00,Real Betis,Barcelona,1,2,15,2012/2013,2012,2013
70307,2013-03-17,21:00,Barcelona,Rayo Vallecano,3,1,28,2012/2013,2012,2013
70305,2013-03-09,20:00,Barcelona,RC Deportivo La Coruña,2,0,27,2012/2013,2012,2013
266827,2013-01-13,21:00,Málaga,Barcelona,1,3,19,2012/2013,2012,2013
267502,2013-04-27,18:00,Athletic Club,Barcelona,2,2,33,2012/2013,2012,2013
70271,2013-02-23,22:00,Barcelona,Sevilla,2,1,25,2012/2013,2012,2013
70294,2013-02-16,20:00,Granada,Barcelona,1,2,24,2012/2013,2012,2013
70262,2012-08-26,19:00,Osasuna,Barcelona,1,2,2,2012/2013,2012,2013
70292,2012-09-15,20:00,Getafe,Barcelona,1,4,4,2012/2013,2012,2013
267368,2014-04-05,18:00,Barcelona,Real Betis,3,1,32,2013/2014,2013,2014
70301,2013-09-14,20:00,Barcelona,Sevilla,3,2,4,2013/2014,2013,2014
70298,2013-09-01,21:00,Valencia,Barcelona,2,3,3,2013/2014,2013,2014
70302,2013-09-21,20:00,Rayo Vallecano,Barcelona,0,4,5,2013/2014,2013,2014
70291,2014-01-26,21:00,Barcelona,Málaga,3,0,21,2013/2014,2013,2014
267138,2014-04-12,20:00,Granada,Barcelona,1,0,33,2013/2014,2013,2014
267520,2013-09-24,20:00,Barcelona,Real Sociedad,4,1,6,2013/2014,2013,2014
70289,2014-04-27,21:00,Villarreal,Barcelona,2,3,35,2013/2014,2013,2014
266066,2014-03-02,21:00,Barcelona,Almería,4,1,26,2013/2014,2013,2014
267675,2014-02-09,21:00,Sevilla,Barcelona,1,4,23,2013/2014,2013,2014
70288,2014-01-19,19:00,Levante UD,Barcelona,1,1,20,2013/2014,2013,2014
266074,2014-03-16,17:00,Barcelona,Osasuna,7,0,28,2013/2014,2013,2014
267567,2014-04-20,21:00,Barcelona,Athletic Club,2,1,34,2013/2014,2013,2014
266201,2014-05-11,19:00,Elche,Barcelona,0,0,37,2013/2014,2013,2014
266274,2014-03-26,20:00,Barcelona,Celta Vigo,3,0,30,2013/2014,2013,2014
70293,2013-10-26,18:00,Barcelona,Real Madrid,2,1,10,2013/2014,2013,2014
265918,2014-02-15,20:00,Barcelona,Rayo Vallecano,6,0,24,2013/2014,2013,2014
70277,2013-08-18,19:00,Barcelona,Levante UD,7,0,1,2013/2014,2013,2014
70283,2013-11-01,21:00,Barcelona,Espanyol,1,0,12,2013/2014,2013,2014
70306,2014-03-29,16:00,Espanyol,Barcelona,0,1,31,2013/2014,2013,2014
266256,2014-05-17,18:00,Barcelona,Atlético Madrid,1,1,38,2013/2014,2013,2014
266613,2014-02-01,16:00,Barcelona,Valencia,2,3,22,2013/2014,2013,2014
266491,2014-05-03,16:00,Barcelona,Getafe,2,2,36,2013/2014,2013,2014
265830,2014-01-11,20:00,Atlético Madrid,Barcelona,0,0,19,2013/2014,2013,2014
265857,2014-03-23,21:00,Real Madrid,Barcelona,3,4,29,2013/2014,2013,2014
266883,2013-11-10,21:00,Real Betis,Barcelona,1,4,13,2013/2014,2013,2014
266603,2014-03-08,16:00,Real Valladolid,Barcelona,1,0,27,2013/2014,2013,2014
265837,2014-02-22,20:00,Real Sociedad,Barcelona,3,1,25,2013/2014,2013,2014
266462,2013-10-19,20:00,Osasuna,Barcelona,0,0,9,2013/2014,2013,2014
267192,2013-10-29,22:00,Celta Vigo,Barcelona,0,3,11,2013/2014,2013,2014
266420,2013-09-28,18:00,Almería,Barcelona,0,2,7,2013/2014,2013,2014
267183,2015-03-22,21:00,Barcelona,Real Madrid,2,1,28,2014/2015,2014,2015
265835,2014-11-22,20:00,Barcelona,Sevilla,5,1,12,2014/2015,2014,2015
266838,2014-09-24,22:00,Málaga,Barcelona,0,0,5,2014/2015,2014,2015
265963,2015-04-28,20:00,Barcelona,Getafe,6,0,34,2014/2015,2014,2015
266117,2014-09-27,18:00,Barcelona,Granada,6,0,6,2014/2015,2014,2015
266916,2015-03-08,12:00,Barcelona,Rayo Vallecano,6,1,26,2014/2015,2014,2015
267197,2015-05-23,18:30,Barcelona,RC Deportivo La Coruña,2,2,38,2014/2015,2014,2015
70264,2014-12-13,16:00,Getafe,Barcelona,0,0,15,2014/2015,2014,2015
70273,2014-09-13,16:00,Barcelona,Athletic Club,2,0,3,2014/2015,2014,2015
267301,2014-11-01,20:00,Barcelona,Celta Vigo,0,1,10,2014/2015,2014,2015
265896,2014-10-18,20:00,Barcelona,Eibar,3,0,8,2014/2015,2014,2015
265866,2015-05-02,16:00,Córdoba CF,Barcelona,0,8,35,2014/2015,2014,2015
267400,2015-04-08,20:00,Barcelona,Almería,4,0,30,2014/2015,2014,2015
266406,2014-08-31,19:00,Villarreal,Barcelona,0,1,2,2014/2015,2014,2015
267085,2014-10-25,18:00,Real Madrid,Barcelona,3,1,9,2014/2015,2014,2015
267561,2014-10-04,18:00,Rayo Vallecano,Barcelona,0,2,7,2014/2015,2014,2015
266148,2015-02-21,16:00,Barcelona,Málaga,0,1,24,2014/2015,2014,2015
266045,2015-05-09,18:00,Barcelona,Real Sociedad,2,0,36,2014/2015,2014,2015
70303,2015-01-11,21:00,Barcelona,Atlético Madrid,3,1,18,2014/2015,2014,2015
266240,2015-01-04,21:00,Real Sociedad,Barcelona,1,0,17,2014/2015,2014,2015
267597,2015-02-01,21:00,Barcelona,Villarreal,3,2,21,2014/2015,2014,2015
266794,2015-01-24,18:00,Elche,Barcelona,0,6,20,2014/2015,2014,2015
267343,2015-02-28,16:00,Granada,Barcelona,1,3,25,2014/2015,2014,2015
266631,2015-05-17,19:00,Atlético Madrid,Barcelona,0,1,37,2014/2015,2014,2015
266320,2014-12-07,17:00,Barcelona,Espanyol,5,1,14,2014/2015,2014,2015
266230,2015-01-18,19:00,RC Deportivo La Coruña,Barcelona,0,4,19,2014/2015,2014,2015
266525,2015-04-18,16:00,Barcelona,Valencia,2,0,32,2014/2015,2014,2015
266560,2014-11-30,21:00,Valencia,Barcelona,0,1,13,2014/2015,2014,2015
266846,2014-12-20,16:00,Barcelona,Córdoba CF,5,0,16,2014/2015,2014,2015
266531,2015-04-25,16:00,Espanyol,Barcelona,0,2,33,2014/2015,2014,2015
266921,2014-08-24,21:00,Barcelona,Elche,3,0,1,2014/2015,2014,2015
267499,2014-11-08,16:00,Almería,Barcelona,1,2,11,2014/2015,2014,2015
266741,2015-02-15,17:00,Barcelona,Levante UD,5,0,23,2014/2015,2014,2015
266871,2015-02-08,21:00,Athletic Club,Barcelona,2,5,22,2014/2015,2014,2015
266967,2015-03-14,18:00,Eibar,Barcelona,0,2,27,2014/2015,2014,2015
266929,2015-04-05,21:00,Celta Vigo,Barcelona,0,1,29,2014/2015,2014,2015
266770,2014-09-21,21:00,Levante UD,Barcelona,0,5,4,2014/2015,2014,2015
266142,2015-04-11,20:00,Sevilla,Barcelona,2,2,31,2014/2015,2014,2015
3825848,2015-09-23,20:00,Levante UD,Eibar,2,2,5,2015/2016,2015,2016
3825895,2015-09-23,22:00,Las Palmas,Sevilla,2,0,5,2015/2016,2015,2016
3825894,2016-05-01,18:15,RC Deportivo La Coruña,Getafe,0,2,36,2015/2016,2015,2016
3825855,2016-05-02,20:30,Málaga,Levante UD,3,1,36,2015/2016,2015,2016
3825908,2016-05-15,19:00,Espanyol,Eibar,4,2,38,2015/2016,2015,2016
3825883,2016-05-15,12:00,Málaga,Las Palmas,4,1,38,2015/2016,2015,2016
3825900,2016-05-15,19:30,Sporting Gijón,Villarreal,2,0,38,2015/2016,2015,2016
3825902,2016-05-15,19:30,Rayo Vallecano,Levante UD,3,1,38,2015/2016,2015,2016
3825876,2016-05-15,19:30,Real Betis,Getafe,2,1,38,2015/2016,2015,2016
3825846,2016-05-14,17:00,RC Deportivo La Coruña,Real Madrid,0,2,38,2015/2016,2015,2016
3825869,2016-05-14,19:30,Athletic Club,Sevilla,3,1,38,2015/2016,2015,2016
3825882,2016-05-14,19:30,Atlético Madrid,Celta Vigo,2,0,38,2015/2016,2015,2016
3825849,2016-05-13,20:30,Valencia,Real Sociedad,0,1,38,2015/2016,2015,2016
3825860,2016-05-08,17:00,Levante UD,Atlético Madrid,2,1,37,2015/2016,2015,2016
3825847,2016-04-23,22:05,Eibar,RC Deportivo La Coruña,1,1,35,2015/2016,2015,2016
3825817,2016-03-18,21:30,Getafe,Eibar,1,1,30,2015/2016,2015,2016
3825778,2016-02-20,21:30,Real Betis,Sporting Gijón,1,1,25,2015/2016,2015,2016
3825777,2016-02-19,21:30,Levante UD,Getafe,3,0,25,2015/2016,2015,2016
3825740,2016-01-18,21:30,Eibar,Granada,5,1,20,2015/2016,2015,2016
3825875,2016-04-24,20:30,Villarreal,Real Sociedad,0,0,35,2015/2016,2015,2016
3825884,2016-04-24,16:00,Sevilla,Real Betis,2,0,35,2015/2016,2015,2016
3825842,2016-04-24,12:00,Levante UD,Athletic Club,2,2,35,2015/2016,2015,2016
3825890,2016-04-23,18:15,Atlético Madrid,Málaga,1,0,35,2015/2016,2015,2016
3825871,2016-04-22,21:00,Las Palmas,Espanyol,4,0,35,2015/2016,2015,2016
3825896,2016-04-21,21:00,Granada,Levante UD,5,1,34,2015/2016,2015,2016
3825841,2016-04-21,20:30,Real Sociedad,Getafe,1,2,34,2015/2016,2015,2016
3825843,2016-04-20,20:45,Málaga,Rayo Vallecano,1,1,34,2015/2016,2015,2016
3825839,2016-04-20,20:45,Sporting Gijón,Sevilla,2,1,34,2015/2016,2015,2016
3825838,2016-04-20,20:45,Athletic Club,Atlético Madrid,0,1,34,2015/2016,2015,2016
3825840,2016-04-20,20:45,Valencia,Eibar,4,0,34,2015/2016,2015,2016
3825837,2016-04-19,21:00,Real Betis,Las Palmas,1,0,34,2015/2016,2015,2016
3825836,2016-04-17,18:15,Rayo Vallecano,Villarreal,2,1,33,2015/2016,2015,2016
3825835,2016-04-17,12:00,Málaga,Athletic Club,0,1,33,2015/2016,2015,2016
3825834,2016-04-17,18:15,Atlético Madrid,Granada,3,0,33,2015/2016,2015,2016
3825906,2016-04-17,16:00,Sevilla,RC Deportivo La Coruña,1,1,33,2015/2016,2015,2016
3825897,2016-04-16,20:30,Eibar,Real Sociedad,2,1,33,2015/2016,2015,2016
3825889,2016-04-16,22:05,Celta Vigo,Real Betis,1,1,33,2015/2016,2015,2016
3825833,2016-04-16,16:00,Getafe,Real Madrid,1,5,33,2015/2016,2015,2016
3825857,2016-04-15,20:30,Levante UD,Espanyol,2,1,33,2015/2016,2015,2016
3825863,2016-04-11,20:30,RC Deportivo La Coruña,Las Palmas,1,3,32,2015/2016,2015,2016
3825829,2016-04-10,20:30,Athletic Club,Rayo Vallecano,1,0,32,2015/2016,2015,2016
3825830,2016-04-10,18:15,Villarreal,Getafe,2,0,32,2015/2016,2015,2016
3825832,2016-04-10,12:00,Sporting Gijón,Celta Vigo,0,1,32,2015/2016,2015,2016
3825831,2016-04-10,16:00,Valencia,Sevilla,2,1,32,2015/2016,2015,2016
3825828,2016-04-09,18:15,Espanyol,Atlético Madrid,1,3,32,2015/2016,2015,2016
3825827,2016-04-09,22:05,Real Betis,Levante UD,1,0,32,2015/2016,2015,2016
3825826,2016-04-08,20:30,Granada,Málaga,0,0,32,2015/2016,2015,2016
3825825,2016-04-04,20:30,Levante UD,Sporting Gijón,0,0,31,2015/2016,2015,2016
3825824,2016-04-03,18:15,Eibar,Villarreal,1,2,31,2015/2016,2015,2016
3825823,2016-04-03,20:30,Sevilla,Real Sociedad,1,2,31,2015/2016,2015,2016
3825905,2016-04-03,16:00,Málaga,Espanyol,1,1,31,2015/2016,2015,2016
3825822,2016-04-02,18:15,Las Palmas,Valencia,2,1,31,2015/2016,2015,2016
3825821,2016-03-20,13:00,Espanyol,Athletic Club,2,1,30,2015/2016,2015,2016
3825820,2016-03-20,21:30,Real Madrid,Sevilla,4,0,30,2015/2016,2015,2016
3825819,2016-03-20,19:15,Valencia,Celta Vigo,0,2,30,2015/2016,2015,2016
3825818,2016-03-19,19:15,Real Sociedad,Las Palmas,0,1,30,2015/2016,2015,2016
3825887,2016-03-19,19:15,Granada,Rayo Vallecano,2,2,30,2015/2016,2015,2016
3825907,2016-03-19,17:00,Sporting Gijón,Atlético Madrid,2,1,30,2015/2016,2015,2016
3825903,2016-03-19,23:05,Real Betis,Málaga,0,1,30,2015/2016,2015,2016
3825816,2016-03-13,17:00,Sevilla,Villarreal,4,2,29,2015/2016,2015,2016
3825815,2016-03-13,13:00,Levante UD,Valencia,1,0,29,2015/2016,2015,2016
3825858,2016-03-12,23:05,Rayo Vallecano,Eibar,1,1,29,2015/2016,2015,2016
3825813,2016-03-12,21:30,Atlético Madrid,RC Deportivo La Coruña,3,0,29,2015/2016,2015,2016
3825814,2016-03-12,19:15,Celta Vigo,Real Sociedad,1,0,29,2015/2016,2015,2016
3825812,2016-03-11,21:30,Málaga,Sporting Gijón,1,0,29,2015/2016,2015,2016
3825811,2016-03-07,21:30,Espanyol,Rayo Vallecano,2,1,28,2015/2016,2015,2016
3825807,2016-03-06,21:30,Valencia,Atlético Madrid,1,3,28,2015/2016,2015,2016
3825809,2016-03-06,13:00,Real Betis,Granada,2,0,28,2015/2016,2015,2016
3825810,2016-03-06,19:15,Real Sociedad,Levante UD,1,1,28,2015/2016,2015,2016
3825808,2016-03-06,19:15,Sporting Gijón,Athletic Club,0,2,28,2015/2016,2015,2016
3825804,2016-03-05,23:05,RC Deportivo La Coruña,Málaga,3,3,28,2015/2016,2015,2016
3825867,2016-03-05,21:30,Getafe,Sevilla,1,1,28,2015/2016,2015,2016
3825805,2016-03-05,19:15,Villarreal,Las Palmas,0,1,28,2015/2016,2015,2016
3825784,2016-02-21,21:30,Atlético Madrid,Villarreal,0,0,25,2015/2016,2015,2016
3825782,2016-02-21,19:15,Granada,Valencia,1,2,25,2015/2016,2015,2016
3825757,2016-01-31,21:30,Real Madrid,Espanyol,6,0,22,2015/2016,2015,2016
3825641,2015-10-26,21:30,Athletic Club,Sporting Gijón,3,0,9,2015/2016,2015,2016
3825803,2016-03-03,21:00,Granada,Sporting Gijón,2,0,27,2015/2016,2015,2016
3825800,2016-03-02,23:00,Celta Vigo,Villarreal,0,0,27,2015/2016,2015,2016
3825801,2016-03-02,23:00,Sevilla,Eibar,1,0,27,2015/2016,2015,2016
3825799,2016-03-02,20:00,Málaga,Valencia,1,2,27,2015/2016,2015,2016
3825797,2016-03-02,23:00,Athletic Club,RC Deportivo La Coruña,4,1,27,2015/2016,2015,2016
3825798,2016-03-02,22:00,Levante UD,Real Madrid,1,3,27,2015/2016,2015,2016
3825796,2016-03-01,23:00,Las Palmas,Getafe,4,0,27,2015/2016,2015,2016
3825795,2016-03-01,22:00,Atlético Madrid,Real Sociedad,3,0,27,2015/2016,2015,2016
3825793,2016-02-28,17:00,Valencia,Athletic Club,0,3,26,2015/2016,2015,2016
3825792,2016-02-28,19:15,RC Deportivo La Coruña,Granada,0,1,26,2015/2016,2015,2016
3825794,2016-02-28,13:00,Villarreal,Levante UD,3,0,26,2015/2016,2015,2016
3825788,2016-02-27,19:15,Getafe,Celta Vigo,0,1,26,2015/2016,2015,2016
3825791,2016-02-27,21:30,Real Betis,Rayo Vallecano,2,2,26,2015/2016,2015,2016
3825790,2016-02-27,19:15,Sporting Gijón,Espanyol,2,4,26,2015/2016,2015,2016
3825787,2016-02-27,17:00,Real Madrid,Atlético Madrid,0,1,26,2015/2016,2015,2016
3825789,2016-02-27,23:05,Real Sociedad,Málaga,1,1,26,2015/2016,2015,2016
3825786,2016-02-26,21:30,Eibar,Las Palmas,0,1,26,2015/2016,2015,2016
3825781,2016-02-21,13:00,Rayo Vallecano,Sevilla,2,2,25,2015/2016,2015,2016
3825785,2016-02-21,17:00,Málaga,Real Madrid,1,1,25,2015/2016,2015,2016
3825783,2016-02-21,19:15,Athletic Club,Real Sociedad,0,1,25,2015/2016,2015,2016
3825780,2016-02-20,19:15,Espanyol,RC Deportivo La Coruña,1,0,25,2015/2016,2015,2016
3825779,2016-02-20,23:05,Celta Vigo,Eibar,3,2,25,2015/2016,2015,2016
3825773,2016-02-14,19:15,Eibar,Levante UD,2,0,24,2015/2016,2015,2016
3825776,2016-02-14,17:00,Sevilla,Las Palmas,2,0,24,2015/2016,2015,2016
3825775,2016-02-14,13:00,Real Sociedad,Granada,3,0,24,2015/2016,2015,2016
3825769,2016-02-13,19:15,Villarreal,Málaga,1,0,24,2015/2016,2015,2016
3825770,2016-02-13,17:00,Real Madrid,Athletic Club,4,2,24,2015/2016,2015,2016
3825768,2016-02-12,21:30,Sporting Gijón,Rayo Vallecano,2,2,24,2015/2016,2015,2016
3825736,2016-01-17,13:00,Valencia,Rayo Vallecano,2,2,20,2015/2016,2015,2016
3825731,2016-01-10,19:15,Las Palmas,Málaga,1,1,19,2015/2016,2015,2016
3825685,2015-12-06,19:15,Sporting Gijón,Las Palmas,3,1,14,2015/2016,2015,2016
3825678,2015-11-29,17:00,Eibar,Real Madrid,0,2,13,2015/2016,2015,2016
3825643,2015-10-31,17:00,Real Madrid,Las Palmas,3,1,10,2015/2016,2015,2016
3825642,2015-10-30,21:30,RC Deportivo La Coruña,Atlético Madrid,1,1,10,2015/2016,2015,2016
3825638,2015-10-25,20:30,Atlético Madrid,Valencia,2,1,9,2015/2016,2015,2016
3825614,2015-10-03,18:15,Granada,RC Deportivo La Coruña,1,1,7,2015/2016,2015,2016
3825612,2015-09-27,18:15,Getafe,Levante UD,3,0,6,2015/2016,2015,2016
3825607,2015-09-26,20:30,Villarreal,Atlético Madrid,1,0,6,2015/2016,2015,2016
3825595,2015-09-20,18:15,Villarreal,Athletic Club,3,1,4,2015/2016,2015,2016
3825579,2015-08-30,20:30,Sevilla,Atlético Madrid,0,3,2,2015/2016,2015,2016
3825572,2015-08-29,22:30,Real Madrid,Real Betis,5,0,2,2015/2016,2015,2016
3825774,2016-02-14,19:15,Getafe,Atlético Madrid,0,1,24,2015/2016,2015,2016
3825772,2016-02-13,21:30,Valencia,Espanyol,2,1,24,2015/2016,2015,2016
3825771,2016-02-13,23:05,RC Deportivo La Coruña,Real Betis,2,2,24,2015/2016,2015,2016
3825767,2016-02-08,21:30,Espanyol,Real Sociedad,0,5,23,2015/2016,2015,2016
3825706,2015-12-30,21:30,Celta Vigo,Athletic Club,0,1,17,2015/2016,2015,2016
3825712,2015-12-30,21:30,Getafe,RC Deportivo La Coruña,0,0,17,2015/2016,2015,2016
3825708,2015-12-30,17:00,Levante UD,Málaga,0,1,17,2015/2016,2015,2016
3825707,2015-12-30,22:00,Las Palmas,Granada,4,1,17,2015/2016,2015,2016
3825705,2015-12-30,19:30,Eibar,Sporting Gijón,2,0,17,2015/2016,2015,2016
3825711,2015-12-30,19:15,Rayo Vallecano,Atlético Madrid,0,2,17,2015/2016,2015,2016
3825703,2015-12-20,19:15,Athletic Club,Levante UD,2,0,16,2015/2016,2015,2016
3825700,2015-12-20,17:00,Real Madrid,Rayo Vallecano,10,2,16,2015/2016,2015,2016
3825701,2015-12-20,21:30,Málaga,Atlético Madrid,1,0,16,2015/2016,2015,2016
3825702,2015-12-20,19:15,Real Sociedad,Villarreal,0,2,16,2015/2016,2015,2016
3825704,2015-12-20,19:15,Granada,Celta Vigo,0,2,16,2015/2016,2015,2016
3825891,2015-12-19,19:15,Espanyol,Las Palmas,1,0,16,2015/2016,2015,2016
3825699,2015-12-19,21:30,Real Betis,Sevilla,0,0,16,2015/2016,2015,2016
3825697,2015-12-19,17:00,Valencia,Getafe,2,2,16,2015/2016,2015,2016
3825698,2015-12-19,23:05,RC Deportivo La Coruña,Eibar,2,0,16,2015/2016,2015,2016
3825694,2015-12-13,17:00,Eibar,Valencia,1,1,15,2015/2016,2015,2016
3825693,2015-12-13,19:15,Atlético Madrid,Athletic Club,2,1,15,2015/2016,2015,2016
3825696,2015-12-13,13:00,Rayo Vallecano,Málaga,1,2,15,2015/2016,2015,2016
3825695,2015-12-13,21:30,Villarreal,Real Madrid,1,0,15,2015/2016,2015,2016
3825689,2015-12-12,19:15,Celta Vigo,Espanyol,1,0,15,2015/2016,2015,2016
3825690,2015-12-12,23:05,Las Palmas,Real Betis,1,0,15,2015/2016,2015,2016
3825692,2015-12-12,21:30,Sevilla,Sporting Gijón,2,0,15,2015/2016,2015,2016
3825691,2015-12-12,19:15,Levante UD,Granada,1,2,15,2015/2016,2015,2016
3825688,2015-12-11,21:30,Getafe,Real Sociedad,1,1,15,2015/2016,2015,2016
3825687,2015-12-07,21:30,Espanyol,Levante UD,1,1,14,2015/2016,2015,2016
3825683,2015-12-06,13:00,Real Sociedad,Eibar,2,1,14,2015/2016,2015,2016
3825686,2015-12-06,21:30,Athletic Club,Málaga,0,0,14,2015/2016,2015,2016
3825684,2015-12-06,17:00,Villarreal,Rayo Vallecano,2,1,14,2015/2016,2015,2016
3825681,2015-12-05,17:00,Real Madrid,Getafe,4,1,14,2015/2016,2015,2016
3825682,2015-12-05,19:15,Granada,Atlético Madrid,0,2,14,2015/2016,2015,2016
3825680,2015-12-05,23:00,RC Deportivo La Coruña,Sevilla,1,1,14,2015/2016,2015,2016
3825677,2015-11-29,21:30,Sevilla,Valencia,1,0,13,2015/2016,2015,2016
3825675,2015-11-29,19:15,Rayo Vallecano,Athletic Club,0,3,13,2015/2016,2015,2016
3825676,2015-11-29,13:00,Getafe,Villarreal,2,0,13,2015/2016,2015,2016
3825674,2015-11-28,19:15,Atlético Madrid,Espanyol,1,0,13,2015/2016,2015,2016
3825673,2015-11-28,23:00,Las Palmas,RC Deportivo La Coruña,0,2,13,2015/2016,2015,2016
3825671,2015-11-28,23:05,Celta Vigo,Sporting Gijón,2,1,13,2015/2016,2015,2016
3825672,2015-11-28,21:30,Málaga,Granada,2,2,13,2015/2016,2015,2016
3825670,2015-11-27,21:30,Levante UD,Real Betis,0,1,13,2015/2016,2015,2016
3825669,2015-11-23,21:30,Getafe,Rayo Vallecano,1,1,12,2015/2016,2015,2016
3825668,2015-11-22,13:00,Sporting Gijón,Levante UD,0,3,12,2015/2016,2015,2016
3825666,2015-11-22,21:30,Real Betis,Atlético Madrid,0,1,12,2015/2016,2015,2016
3825665,2015-11-22,19:15,Granada,Athletic Club,2,0,12,2015/2016,2015,2016
3825667,2015-11-22,17:00,Villarreal,Eibar,1,1,12,2015/2016,2015,2016
3825664,2015-11-21,17:00,Real Sociedad,Sevilla,2,0,12,2015/2016,2015,2016
3825662,2015-11-21,23:05,RC Deportivo La Coruña,Celta Vigo,2,0,12,2015/2016,2015,2016
3825888,2015-11-21,23:00,Valencia,Las Palmas,1,1,12,2015/2016,2015,2016
3825663,2015-11-21,21:30,Espanyol,Málaga,2,0,12,2015/2016,2015,2016
3825659,2015-11-08,13:00,Athletic Club,Espanyol,2,1,11,2015/2016,2015,2016
3825658,2015-11-08,19:15,Atlético Madrid,Sporting Gijón,1,0,11,2015/2016,2015,2016
3825660,2015-11-08,17:00,Barcelona,Villarreal,3,0,11,2015/2016,2015,2016
3825661,2015-11-08,21:30,Sevilla,Real Madrid,3,2,11,2015/2016,2015,2016
3825656,2015-11-07,19:15,Levante UD,RC Deportivo La Coruña,1,1,11,2015/2016,2015,2016
3825657,2015-11-07,23:05,Málaga,Real Betis,0,1,11,2015/2016,2015,2016
3825652,2015-11-06,21:30,Las Palmas,Real Sociedad,2,0,11,2015/2016,2015,2016
3825623,2015-10-17,22:00,Valencia,Málaga,3,0,8,2015/2016,2015,2016
3825626,2015-10-17,22:05,Real Betis,Espanyol,1,3,8,2015/2016,2015,2016
3825616,2015-10-03,22:05,Málaga,Real Sociedad,3,1,7,2015/2016,2015,2016
3825608,2015-09-26,22:05,Eibar,Celta Vigo,1,1,6,2015/2016,2015,2016
3825601,2015-09-23,20:00,Rayo Vallecano,Sporting Gijón,2,1,5,2015/2016,2015,2016
3825899,2016-04-24,18:15,Getafe,Valencia,2,2,35,2015/2016,2015,2016
3825852,2016-04-16,18:15,Las Palmas,Sporting Gijón,1,1,33,2015/2016,2015,2016
3825647,2015-10-31,19:15,Valencia,Levante UD,3,0,10,2015/2016,2015,2016
3825637,2015-10-25,19:15,Barcelona,Eibar,3,1,9,2015/2016,2015,2016
3825628,2015-10-18,18:15,Getafe,Las Palmas,4,0,8,2015/2016,2015,2016
3825619,2015-10-04,18:15,Levante UD,Villarreal,1,0,7,2015/2016,2015,2016
3825618,2015-10-03,22:00,Las Palmas,Eibar,0,2,7,2015/2016,2015,2016
3825611,2015-09-27,16:00,RC Deportivo La Coruña,Espanyol,3,0,6,2015/2016,2015,2016
3825609,2015-09-27,20:30,Real Sociedad,Athletic Club,0,0,6,2015/2016,2015,2016
3825598,2015-09-22,20:00,Atlético Madrid,Getafe,2,0,5,2015/2016,2015,2016
3825584,2015-09-13,12:00,Granada,Villarreal,1,3,3,2015/2016,2015,2016
3825570,2015-08-24,20:30,Granada,Eibar,1,3,1,2015/2016,2015,2016
3825562,2015-08-21,20:30,Málaga,Sevilla,0,0,1,2015/2016,2015,2016
3825904,2016-05-08,17:00,Eibar,Real Betis,1,1,37,2015/2016,2015,2016
3825901,2016-05-08,17:00,Real Madrid,Valencia,3,2,37,2015/2016,2015,2016
3825898,2016-04-02,22:05,Celta Vigo,RC Deportivo La Coruña,1,1,31,2015/2016,2015,2016
3825893,2016-04-20,22:00,Real Madrid,Villarreal,3,0,34,2015/2016,2015,2016
3825892,2015-09-22,22:00,Granada,Real Sociedad,0,3,5,2015/2016,2015,2016
3825886,2016-04-23,16:00,Rayo Vallecano,Real Madrid,2,3,35,2015/2016,2015,2016
3825885,2016-04-01,20:30,Rayo Vallecano,Getafe,2,0,31,2015/2016,2015,2016
3825881,2016-03-14,21:30,Granada,Espanyol,1,1,29,2015/2016,2015,2016
3825880,2016-03-19,21:30,RC Deportivo La Coruña,Levante UD,2,1,30,2015/2016,2015,2016
3825879,2016-03-13,21:30,Las Palmas,Real Madrid,1,2,29,2015/2016,2015,2016
3825878,2016-04-30,18:15,Atlético Madrid,Rayo Vallecano,1,0,36,2015/2016,2015,2016
3825877,2016-04-03,12:00,Athletic Club,Granada,1,1,31,2015/2016,2015,2016
3825874,2015-10-24,20:30,Sevilla,Getafe,5,0,9,2015/2016,2015,2016
3825873,2016-05-01,20:30,Valencia,Villarreal,0,2,36,2015/2016,2015,2016
3825872,2016-04-02,16:00,Atlético Madrid,Real Betis,5,1,31,2015/2016,2015,2016
3825870,2016-05-01,12:00,Athletic Club,Celta Vigo,2,1,36,2015/2016,2015,2016
3825868,2016-04-25,20:30,Celta Vigo,Granada,2,1,35,2015/2016,2015,2016
3825866,2016-05-08,17:00,Las Palmas,Athletic Club,0,0,37,2015/2016,2015,2016
3825865,2016-05-08,17:00,Getafe,Sporting Gijón,1,1,37,2015/2016,2015,2016
3825864,2016-04-30,16:00,Real Sociedad,Real Madrid,0,1,36,2015/2016,2015,2016
3825862,2016-04-19,20:00,Espanyol,Celta Vigo,1,1,34,2015/2016,2015,2016
3825861,2016-05-08,17:00,Real Sociedad,Rayo Vallecano,2,1,37,2015/2016,2015,2016
3825859,2016-04-30,22:05,Granada,Las Palmas,3,2,36,2015/2016,2015,2016
3825856,2016-04-09,16:00,Real Madrid,Eibar,4,0,32,2015/2016,2015,2016
3825854,2016-04-29,20:30,Sporting Gijón,Eibar,2,0,36,2015/2016,2015,2016
3825853,2016-05-08,17:00,Sevilla,Granada,1,4,37,2015/2016,2015,2016
3825851,2016-05-08,17:00,Villarreal,RC Deportivo La Coruña,0,2,37,2015/2016,2015,2016
3825850,2016-05-08,17:00,Celta Vigo,Málaga,1,0,37,2015/2016,2015,2016
3825845,2016-05-01,16:00,Espanyol,Sevilla,1,0,36,2015/2016,2015,2016
3825844,2016-03-13,19:15,Athletic Club,Real Betis,3,1,29,2015/2016,2015,2016
3825806,2016-03-05,17:00,Real Madrid,Celta Vigo,7,1,28,2015/2016,2015,2016
3825802,2016-03-03,23:30,Espanyol,Real Betis,0,3,27,2015/2016,2015,2016
3825679,2015-12-05,23:05,Real Betis,Celta Vigo,1,1,14,2015/2016,2015,2016
3825655,2015-11-07,21:30,Rayo Vallecano,Granada,2,1,11,2015/2016,2015,2016
3825654,2015-11-07,17:00,Celta Vigo,Valencia,1,5,11,2015/2016,2015,2016
3825653,2015-11-07,21:30,Eibar,Getafe,3,1,11,2015/2016,2015,2016
3825651,2015-11-01,17:00,Espanyol,Granada,1,1,10,2015/2016,2015,2016
3825650,2015-11-01,23:30,Real Betis,Athletic Club,1,3,10,2015/2016,2015,2016
3825649,2015-11-01,19:15,Sporting Gijón,Málaga,1,0,10,2015/2016,2015,2016
3825648,2015-11-01,13:00,Eibar,Rayo Vallecano,1,0,10,2015/2016,2015,2016
3825765,2016-02-07,19:15,Celta Vigo,Sevilla,1,1,23,2015/2016,2015,2016
3825766,2016-02-07,17:00,Real Betis,Valencia,1,0,23,2015/2016,2015,2016
3825764,2016-02-07,21:30,Granada,Real Madrid,1,2,23,2015/2016,2015,2016
3825760,2016-02-06,17:00,Atlético Madrid,Eibar,3,1,23,2015/2016,2015,2016
3825763,2016-02-06,19:15,Rayo Vallecano,Las Palmas,2,0,23,2015/2016,2015,2016
3825761,2016-02-06,21:30,Athletic Club,Villarreal,0,0,23,2015/2016,2015,2016
3825762,2016-02-06,23:05,Sporting Gijón,RC Deportivo La Coruña,1,1,23,2015/2016,2015,2016
3825759,2016-02-05,21:30,Málaga,Getafe,3,0,23,2015/2016,2015,2016
3825758,2016-02-01,21:30,RC Deportivo La Coruña,Rayo Vallecano,2,2,22,2015/2016,2015,2016
3825756,2016-01-31,13:00,Sevilla,Levante UD,3,1,22,2015/2016,2015,2016
3825755,2016-01-31,17:00,Valencia,Sporting Gijón,0,1,22,2015/2016,2015,2016
3825754,2016-01-31,19:15,Las Palmas,Celta Vigo,2,1,22,2015/2016,2015,2016
3825750,2016-01-30,23:05,Real Sociedad,Real Betis,2,1,22,2015/2016,2015,2016
3825752,2016-01-30,19:15,Eibar,Málaga,1,2,22,2015/2016,2015,2016
3825751,2016-01-30,19:15,Getafe,Athletic Club,0,1,22,2015/2016,2015,2016
3825753,2016-01-30,21:30,Villarreal,Granada,1,0,22,2015/2016,2015,2016
3825749,2016-01-25,23:30,Levante UD,Las Palmas,3,2,21,2015/2016,2015,2016
3825747,2016-01-24,13:00,Athletic Club,Eibar,5,2,21,2015/2016,2015,2016
3825748,2016-01-24,17:00,Atlético Madrid,Sevilla,0,0,21,2015/2016,2015,2016
3825745,2016-01-24,19:15,RC Deportivo La Coruña,Valencia,1,1,21,2015/2016,2015,2016
3825746,2016-01-24,21:30,Real Betis,Real Madrid,1,1,21,2015/2016,2015,2016
3825743,2016-01-23,23:05,Rayo Vallecano,Celta Vigo,3,0,21,2015/2016,2015,2016
3825744,2016-01-23,19:15,Espanyol,Villarreal,2,2,21,2015/2016,2015,2016
3825742,2016-01-23,21:30,Granada,Getafe,3,2,21,2015/2016,2015,2016
3825741,2016-01-22,21:30,Sporting Gijón,Real Sociedad,5,1,21,2015/2016,2015,2016
3825739,2016-01-17,17:00,Real Madrid,Sporting Gijón,5,1,20,2015/2016,2015,2016
3825738,2016-01-17,19:15,Las Palmas,Atlético Madrid,0,3,20,2015/2016,2015,2016
3825737,2016-01-17,19:15,Getafe,Espanyol,3,1,20,2015/2016,2015,2016
3825734,2016-01-16,23:05,Real Sociedad,RC Deportivo La Coruña,1,1,20,2015/2016,2015,2016
3825733,2016-01-16,17:00,Sevilla,Málaga,2,1,20,2015/2016,2015,2016
3825732,2016-01-16,19:15,Celta Vigo,Levante UD,4,3,20,2015/2016,2015,2016
3825735,2016-01-16,21:30,Villarreal,Real Betis,0,0,20,2015/2016,2015,2016
3825729,2016-01-10,13:00,Villarreal,Sporting Gijón,2,0,19,2015/2016,2015,2016
3825728,2016-01-10,21:30,Celta Vigo,Atlético Madrid,0,2,19,2015/2016,2015,2016
3825730,2016-01-10,17:00,Real Sociedad,Valencia,2,0,19,2015/2016,2015,2016
3825727,2016-01-10,19:15,Eibar,Espanyol,2,1,19,2015/2016,2015,2016
3825723,2016-01-09,23:05,Levante UD,Rayo Vallecano,2,1,19,2015/2016,2015,2016
3825726,2016-01-09,19:15,Sevilla,Athletic Club,2,0,19,2015/2016,2015,2016
3825725,2016-01-09,19:15,Getafe,Real Betis,1,0,19,2015/2016,2015,2016
3825724,2016-01-09,21:30,Real Madrid,RC Deportivo La Coruña,5,0,19,2015/2016,2015,2016
3825722,2016-01-04,21:30,Sporting Gijón,Getafe,1,2,18,2015/2016,2015,2016
3825716,2016-01-03,13:00,Rayo Vallecano,Real Sociedad,2,2,18,2015/2016,2015,2016
3825719,2016-01-03,19:15,Athletic Club,Las Palmas,2,2,18,2015/2016,2015,2016
3825720,2016-01-03,17:00,Real Betis,Eibar,0,4,18,2015/2016,2015,2016
3825717,2016-01-03,17:00,Granada,Sevilla,2,1,18,2015/2016,2015,2016
3825721,2016-01-03,19:15,RC Deportivo La Coruña,Villarreal,1,2,18,2015/2016,2015,2016
3825718,2016-01-03,21:30,Valencia,Real Madrid,2,2,18,2015/2016,2015,2016
3825715,2016-01-02,23:05,Málaga,Celta Vigo,2,0,18,2015/2016,2015,2016
3825714,2016-01-02,21:30,Atlético Madrid,Levante UD,1,0,18,2015/2016,2015,2016
3825713,2015-12-31,17:00,Villarreal,Valencia,1,0,17,2015/2016,2015,2016
3825710,2015-12-30,17:00,Real Madrid,Real Sociedad,3,1,17,2015/2016,2015,2016
3825709,2015-12-30,19:15,Sevilla,Espanyol,2,0,17,2015/2016,2015,2016
3825646,2015-10-31,19:15,Villarreal,Sevilla,2,1,10,2015/2016,2015,2016
3825645,2015-10-31,21:30,Getafe,Barcelona,0,2,10,2015/2016,2015,2016
3825644,2015-10-31,23:05,Real Sociedad,Celta Vigo,2,3,10,2015/2016,2015,2016
3825640,2015-10-25,12:00,Levante UD,Real Sociedad,0,4,9,2015/2016,2015,2016
3825639,2015-10-25,16:00,Las Palmas,Villarreal,0,0,9,2015/2016,2015,2016
3825636,2015-10-24,22:05,Málaga,RC Deportivo La Coruña,2,0,9,2015/2016,2015,2016
3825635,2015-10-24,16:00,Celta Vigo,Real Madrid,1,3,9,2015/2016,2015,2016
3825634,2015-10-24,18:15,Granada,Real Betis,1,1,9,2015/2016,2015,2016
3825633,2015-10-23,20:30,Rayo Vallecano,Espanyol,3,0,9,2015/2016,2015,2016
3825632,2015-10-19,20:30,Sporting Gijón,Granada,3,3,8,2015/2016,2015,2016
3825631,2015-10-18,16:00,Real Sociedad,Atlético Madrid,0,2,8,2015/2016,2015,2016
3825630,2015-10-18,20:30,RC Deportivo La Coruña,Athletic Club,2,2,8,2015/2016,2015,2016
3825629,2015-10-18,12:00,Villarreal,Celta Vigo,1,2,8,2015/2016,2015,2016
3825627,2015-10-17,20:30,Barcelona,Rayo Vallecano,5,2,8,2015/2016,2015,2016
3825625,2015-10-17,16:00,Real Madrid,Levante UD,3,0,8,2015/2016,2015,2016
3825624,2015-10-17,18:15,Eibar,Sevilla,1,1,8,2015/2016,2015,2016
3825622,2015-10-04,16:00,Athletic Club,Valencia,3,1,7,2015/2016,2015,2016
3825621,2015-10-04,20:30,Atlético Madrid,Real Madrid,1,1,7,2015/2016,2015,2016
3825620,2015-10-04,12:00,Rayo Vallecano,Real Betis,0,2,7,2015/2016,2015,2016
3825617,2015-10-03,16:00,Sevilla,Barcelona,2,1,7,2015/2016,2015,2016
3825615,2015-10-03,20:30,Espanyol,Sporting Gijón,1,2,7,2015/2016,2015,2016
3825613,2015-10-02,20:30,Celta Vigo,Getafe,0,0,7,2015/2016,2015,2016
3825610,2015-09-27,12:00,Sporting Gijón,Real Betis,1,2,6,2015/2016,2015,2016
3825606,2015-09-26,18:15,Real Madrid,Málaga,0,0,6,2015/2016,2015,2016
3825605,2015-09-26,20:30,Sevilla,Rayo Vallecano,3,2,6,2015/2016,2015,2016
3825604,2015-09-25,20:30,Valencia,Granada,1,0,6,2015/2016,2015,2016
3825603,2015-09-24,22:05,Real Betis,RC Deportivo La Coruña,1,2,5,2015/2016,2015,2016
3825602,2015-09-23,21:00,Athletic Club,Real Madrid,1,2,5,2015/2016,2015,2016
3825600,2015-09-23,22:00,Málaga,Villarreal,0,1,5,2015/2016,2015,2016
3825599,2015-09-22,20:00,Espanyol,Valencia,1,0,5,2015/2016,2015,2016
3825597,2015-09-20,20:30,Las Palmas,Rayo Vallecano,0,1,4,2015/2016,2015,2016
3825596,2015-09-20,16:00,RC Deportivo La Coruña,Sporting Gijón,2,3,4,2015/2016,2015,2016
3825594,2015-09-20,12:00,Sevilla,Celta Vigo,1,2,4,2015/2016,2015,2016
3825593,2015-09-19,20:30,Eibar,Atlético Madrid,0,2,4,2015/2016,2015,2016
3825592,2015-09-19,22:00,Real Sociedad,Espanyol,2,3,4,2015/2016,2015,2016
3825591,2015-09-19,18:15,Valencia,Real Betis,0,0,4,2015/2016,2015,2016
3825590,2015-09-19,16:00,Real Madrid,Granada,1,0,4,2015/2016,2015,2016
3825589,2015-09-18,20:30,Getafe,Málaga,1,0,4,2015/2016,2015,2016
3825588,2015-09-14,20:30,Rayo Vallecano,RC Deportivo La Coruña,1,3,3,2015/2016,2015,2016
3825587,2015-09-13,16:00,Athletic Club,Getafe,3,1,3,2015/2016,2015,2016
3825586,2015-09-13,20:30,Málaga,Eibar,0,0,3,2015/2016,2015,2016
3825585,2015-09-13,18:15,Celta Vigo,Las Palmas,3,3,3,2015/2016,2015,2016
3825583,2015-09-12,18:15,Sporting Gijón,Valencia,0,1,3,2015/2016,2015,2016
3825582,2015-09-12,22:00,Real Betis,Real Sociedad,1,0,3,2015/2016,2015,2016
3825581,2015-09-12,16:00,Espanyol,Real Madrid,0,6,3,2015/2016,2015,2016
3825580,2015-09-11,20:30,Levante UD,Sevilla,1,1,3,2015/2016,2015,2016
3825578,2015-08-30,18:30,Eibar,Athletic Club,2,0,2,2015/2016,2015,2016
3825577,2015-08-30,22:30,Getafe,Granada,1,2,2,2015/2016,2015,2016
3825576,2015-08-30,20:30,Valencia,RC Deportivo La Coruña,1,1,2,2015/2016,2015,2016
3825575,2015-08-30,22:30,Las Palmas,Levante UD,0,0,2,2015/2016,2015,2016
3825574,2015-08-29,22:00,Celta Vigo,Rayo Vallecano,3,0,2,2015/2016,2015,2016
3825573,2015-08-29,18:30,Real Sociedad,Sporting Gijón,0,0,2,2015/2016,2015,2016
3825571,2015-08-28,20:30,Villarreal,Espanyol,3,1,2,2015/2016,2015,2016
3825569,2015-08-23,22:00,Levante UD,Celta Vigo,1,2,1,2015/2016,2015,2016
3825568,2015-08-23,22:30,Real Betis,Villarreal,1,1,1,2015/2016,2015,2016
3825567,2015-08-23,20:30,Sporting Gijón,Real Madrid,0,0,1,2015/2016,2015,2016
3825566,2015-08-22,22:30,Rayo Vallecano,Valencia,0,0,1,2015/2016,2015,2016
3825565,2015-08-22,18:30,Espanyol,Getafe,1,0,1,2015/2016,2015,2016
3825564,2015-08-22,18:30,RC Deportivo La Coruña,Real Sociedad,0,0,1,2015/2016,2015,2016
3825563,2015-08-22,20:30,Atlético Madrid,Las Palmas,1,0,1,2015/2016,2015,2016
266498,2016-03-12,17:00,Barcelona,Getafe,6,0,29,2015/2016,2015,2016
266986,2016-04-30,20:30,Real Betis,Barcelona,0,2,36,2015/2016,2015,2016
267533,2016-04-02,20:30,Barcelona,Real Madrid,1,2,31,2015/2016,2015,2016
266310,2016-04-20,20:00,RC Deportivo La Coruña,Barcelona,0,8,34,2015/2016,2015,2016
267576,2016-01-30,17:00,Barcelona,Atlético Madrid,2,1,22,2015/2016,2015,2016
266653,2016-03-03,22:00,Rayo Vallecano,Barcelona,1,5,27,2015/2016,2015,2016
265944,2016-04-23,20:30,Barcelona,Sporting Gijón,6,0,35,2015/2016,2015,2016
265894,2016-01-23,17:00,Málaga,Barcelona,1,2,21,2015/2016,2015,2016
265958,2016-05-08,17:00,Barcelona,Espanyol,5,0,37,2015/2016,2015,2016
267611,2015-09-26,16:00,Barcelona,Las Palmas,2,1,6,2015/2016,2015,2016
267422,2015-08-29,20:30,Barcelona,Málaga,1,0,2,2015/2016,2015,2016
266236,2015-08-23,18:30,Athletic Club,Barcelona,0,1,1,2015/2016,2015,2016
267274,2015-12-05,20:30,Valencia,Barcelona,1,1,14,2015/2016,2015,2016
266961,2015-12-12,16:00,Barcelona,RC Deportivo La Coruña,2,2,15,2015/2016,2015,2016
266885,2015-11-28,16:00,Barcelona,Real Sociedad,4,0,13,2015/2016,2015,2016
266815,2016-02-17,18:30,Sporting Gijón,Barcelona,1,3,16,2015/2016,2015,2016
267506,2016-05-14,17:00,Granada,Barcelona,0,3,38,2015/2016,2015,2016
266664,2016-04-09,20:30,Real Sociedad,Barcelona,1,0,32,2015/2016,2015,2016
266106,2016-03-20,17:00,Villarreal,Barcelona,2,2,30,2015/2016,2015,2016
266670,2016-01-02,16:00,Espanyol,Barcelona,0,0,18,2015/2016,2015,2016
266149,2016-01-17,20:30,Barcelona,Athletic Club,6,0,20,2015/2016,2015,2016
266620,2016-01-09,16:00,Barcelona,Granada,4,0,19,2015/2016,2015,2016
266056,2016-03-06,17:00,Eibar,Barcelona,0,4,28,2015/2016,2015,2016
267327,2015-12-30,20:30,Barcelona,Real Betis,4,0,17,2015/2016,2015,2016
266166,2015-09-12,20:30,Atlético Madrid,Barcelona,1,2,3,2015/2016,2015,2016
266160,2016-02-07,13:00,Levante UD,Barcelona,0,2,23,2015/2016,2015,2016
265839,2016-02-28,21:30,Barcelona,Sevilla,2,1,26,2015/2016,2015,2016
266424,2015-11-21,18:15,Real Madrid,Barcelona,0,4,12,2015/2016,2015,2016
266467,2015-09-23,20:00,Celta Vigo,Barcelona,4,1,5,2015/2016,2015,2016
267273,2016-02-20,17:00,Las Palmas,Barcelona,1,2,25,2015/2016,2015,2016
266490,2015-09-20,20:30,Barcelona,Levante UD,4,1,4,2015/2016,2015,2016
266254,2016-02-14,21:30,Barcelona,Celta Vigo,6,1,24,2015/2016,2015,2016
266557,2016-04-17,20:30,Barcelona,Valencia,1,2,33,2015/2016,2015,2016
68314,2004-12-04,20:00,Barcelona,Málaga,4,0,14,2004/2005,2004,2005
68313,2004-10-24,21:00,Barcelona,Osasuna,3,0,8,2004/2005,2004,2005
68316,2005-05-01,19:00,Barcelona,Albacete,2,0,34,2004/2005,2004,2005
68315,2004-12-21,20:00,Barcelona,Levante UD,2,1,17,2004/2005,2004,2005
69153,2004-12-11,20:00,Albacete,Barcelona,1,2,15,2004/2005,2004,2005
68352,2005-04-17,21:00,Barcelona,Getafe,2,0,32,2004/2005,2004,2005
68353,2004-10-16,22:00,Espanyol,Barcelona,0,1,7,2004/2005,2004,2005
69164,2005-10-26,20:30,Barcelona,Málaga,2,0,11,2005/2006,2005,2006
68324,2006-01-22,19:00,Barcelona,Deportivo Alavés,2,0,20,2005/2006,2005,2006
68320,2005-12-04,19:00,Villarreal,Barcelona,0,2,14,2005/2006,2005,2006
68323,2005-12-20,21:00,Barcelona,Celta Vigo,2,0,17,2005/2006,2005,2006
69172,2006-02-18,22:00,Barcelona,Real Betis,5,1,24,2005/2006,2005,2006
68339,2005-11-06,21:00,Getafe,Barcelona,1,3,10,2005/2006,2005,2006
68348,2006-01-07,22:00,Espanyol,Barcelona,1,2,18,2005/2006,2005,2006
68354,2005-11-27,21:00,Barcelona,Racing Santander,4,1,13,2005/2006,2005,2006
68351,2006-02-25,22:00,Real Zaragoza,Barcelona,0,2,25,2005/2006,2005,2006
68317,2005-10-01,20:00,Barcelona,Real Zaragoza,2,2,6,2005/2006,2005,2006
68350,2006-02-05,19:00,Barcelona,Atlético Madrid,1,3,22,2005/2006,2005,2006
68325,2006-01-29,19:00,Mallorca,Barcelona,0,3,21,2005/2006,2005,2006
68321,2005-12-11,21:00,Barcelona,Sevilla,2,1,15,2005/2006,2005,2006
68319,2005-11-19,20:00,Real Madrid,Barcelona,0,3,12,2005/2006,2005,2006
68342,2006-01-15,19:00,Barcelona,Athletic Club,2,1,19,2005/2006,2005,2006
68322,2005-12-17,22:00,Cádiz,Barcelona,1,3,16,2005/2006,2005,2006
68318,2005-10-22,22:00,Barcelona,Osasuna,3,0,8,2005/2006,2005,2006
69176,2007-05-20,21:00,Atlético Madrid,Barcelona,0,6,35,2006/2007,2006,2007
69179,2007-04-07,20:00,Real Zaragoza,Barcelona,1,0,29,2006/2007,2006,2007
68334,2007-03-03,22:00,Sevilla,Barcelona,2,1,25,2006/2007,2006,2007
68333,2007-02-25,21:00,Barcelona,Athletic Club,3,0,24,2006/2007,2006,2007
68336,2007-06-17,21:00,Gimnàstic Tarragona,Barcelona,1,5,38,2006/2007,2006,2007
68326,2006-08-28,21:00,Celta Vigo,Barcelona,2,3,1,2006/2007,2006,2007
69162,2007-05-13,19:00,Barcelona,Real Betis,1,1,34,2006/2007,2006,2007
68335,2007-03-10,22:00,Barcelona,Real Madrid,3,3,26,2006/2007,2006,2007
68332,2007-02-18,19:00,Valencia,Barcelona,2,1,23,2006/2007,2006,2007
68330,2006-10-22,21:00,Real Madrid,Barcelona,2,0,7,2006/2007,2006,2007
68329,2006-10-15,19:00,Barcelona,Sevilla,3,1,6,2006/2007,2006,2007
68341,2007-03-17,20:00,Recreativo Huelva,Barcelona,0,4,27,2006/2007,2006,2007
69165,2007-06-09,21:00,Barcelona,Espanyol,2,2,37,2006/2007,2006,2007
69155,2007-04-22,21:00,Villarreal,Barcelona,2,0,31,2006/2007,2006,2007
69154,2007-02-11,19:00,Barcelona,Racing Santander,2,0,22,2006/2007,2006,2007
69156,2007-04-29,19:00,Barcelona,Levante UD,1,0,32,2006/2007,2006,2007
69159,2007-04-15,19:00,Barcelona,Mallorca,1,0,30,2006/2007,2006,2007
69175,2007-03-31,22:00,Barcelona,RC Deportivo La Coruña,2,1,28,2006/2007,2006,2007
69160,2007-05-05,20:00,Real Sociedad,Barcelona,0,2,33,2006/2007,2006,2007
68331,2006-11-12,21:00,Barcelona,Real Zaragoza,3,1,10,2006/2007,2006,2007
68328,2006-09-24,21:00,Barcelona,Valencia,1,1,4,2006/2007,2006,2007
68340,2006-09-17,20:00,Racing Santander,Barcelona,0,3,3,2006/2007,2006,2007
69174,2006-11-04,22:00,RC Deportivo La Coruña,Barcelona,1,1,9,2006/2007,2006,2007
68347,2006-09-30,22:00,Athletic Club,Barcelona,1,3,5,2006/2007,2006,2007
68327,2006-09-09,20:00,Barcelona,Osasuna,3,0,2,2006/2007,2006,2007
69157,2007-05-26,22:00,Barcelona,Getafe,1,0,36,2006/2007,2006,2007
15978,2018-09-15,16:15,Real Sociedad,Barcelona,1,2,4,2018/2019,2018,2019
15998,2018-09-26,20:00,Leganés,Barcelona,2,1,6,2018/2019,2018,2019
16029,2018-10-20,20:45,Barcelona,Sevilla,4,2,9,2018/2019,2018,2019
16073,2018-11-24,20:45,Atlético Madrid,Barcelona,1,1,13,2018/2019,2018,2019
16086,2018-12-08,20:45,Espanyol,Barcelona,0,4,15,2018/2019,2018,2019
16190,2019-02-23,16:15,Sevilla,Barcelona,2,4,25,2018/2019,2018,2019
16109,2018-12-22,18:30,Barcelona,Celta Vigo,2,0,17,2018/2019,2018,2019
16120,2019-01-06,20:45,Getafe,Barcelona,1,2,18,2018/2019,2018,2019
16182,2019-02-16,20:45,Barcelona,Real Valladolid,1,0,24,2018/2019,2018,2019
16215,2019-03-17,20:45,Real Betis,Barcelona,1,4,28,2018/2019,2018,2019
16173,2019-02-10,20:45,Athletic Club,Barcelona,0,0,23,2018/2019,2018,2019
16265,2019-04-20,20:45,Barcelona,Real Sociedad,2,1,33,2018/2019,2018,2019
15946,2018-08-18,22:15,Barcelona,Deportivo Alavés,3,0,1,2018/2019,2018,2019
16157,2019-02-02,18:30,Barcelona,Valencia,2,2,22,2018/2019,2018,2019
16136,2019-01-20,20:45,Barcelona,Leganés,3,1,20,2018/2019,2018,2019
16248,2019-04-06,20:45,Barcelona,Atlético Madrid,2,0,31,2018/2019,2018,2019
16056,2018-11-11,16:15,Barcelona,Real Betis,3,4,12,2018/2019,2018,2019
16289,2019-04-27,20:45,Barcelona,Levante UD,1,0,35,2018/2019,2018,2019
16079,2018-12-02,18:30,Barcelona,Villarreal,2,0,14,2018/2019,2018,2019
16149,2019-01-27,16:15,Girona,Barcelona,0,2,21,2018/2019,2018,2019
16275,2019-04-23,21:30,Deportivo Alavés,Barcelona,0,2,34,2018/2019,2018,2019
15973,2018-09-02,18:30,Barcelona,Huesca,8,2,3,2018/2019,2018,2019
16317,2019-05-19,16:15,Eibar,Barcelona,2,2,38,2018/2019,2018,2019
16131,2019-01-13,18:30,Barcelona,Eibar,3,0,19,2018/2019,2018,2019
16205,2019-03-09,18:30,Barcelona,Rayo Vallecano,3,1,27,2018/2019,2018,2019
16095,2018-12-16,20:45,Levante UD,Barcelona,0,5,16,2018/2019,2018,2019
16306,2019-05-12,18:30,Barcelona,Getafe,2,0,37,2018/2019,2018,2019
16010,2018-09-29,16:15,Barcelona,Athletic Club,1,1,7,2018/2019,2018,2019
15986,2018-09-23,20:45,Barcelona,Girona,2,2,5,2018/2019,2018,2019
16240,2019-04-02,21:30,Villarreal,Barcelona,4,4,30,2018/2019,2018,2019
16023,2018-10-07,20:45,Valencia,Barcelona,1,1,8,2018/2019,2018,2019
16196,2019-03-02,20:45,Real Madrid,Barcelona,0,1,26,2018/2019,2018,2019
15956,2018-08-25,22:15,Real Valladolid,Barcelona,0,1,2,2018/2019,2018,2019
16231,2019-03-30,16:15,Barcelona,Espanyol,2,0,29,2018/2019,2018,2019
69151,2007-09-29,22:00,Levante UD,Barcelona,1,4,6,2007/2008,2007,2008
69144,2007-10-07,17:00,Barcelona,Atlético Madrid,3,0,7,2007/2008,2007,2008
69169,2007-09-02,19:00,Barcelona,Athletic Club,3,1,2,2007/2008,2007,2008
68360,2008-02-24,19:00,Barcelona,Levante UD,5,1,25,2007/2008,2007,2008
69186,2008-05-17,22:00,Real Murcia CF,Barcelona,3,5,38,2007/2008,2007,2008
69180,2007-08-26,19:00,Racing Santander,Barcelona,0,0,1,2007/2008,2007,2008
69143,2007-09-26,22:00,Barcelona,Real Zaragoza,4,1,5,2007/2008,2007,2008
69181,2008-01-27,19:00,Athletic Club,Barcelona,1,1,21,2007/2008,2007,2008
68365,2008-03-01,20:00,Atlético Madrid,Barcelona,4,2,26,2007/2008,2007,2008
69178,2007-11-10,20:00,Getafe,Barcelona,2,0,12,2007/2008,2007,2008
68364,2007-10-20,20:00,Villarreal,Barcelona,3,1,8,2007/2008,2007,2008
69170,2007-12-09,21:00,Barcelona,RC Deportivo La Coruña,2,1,15,2007/2008,2007,2008
68359,2008-04-19,20:00,Barcelona,Espanyol,0,0,33,2007/2008,2007,2008
68356,2007-12-01,22:00,Espanyol,Barcelona,1,1,14,2007/2008,2007,2008
69158,2007-10-28,19:00,Barcelona,Almería,2,0,9,2007/2008,2007,2008
69187,2008-02-03,19:00,Barcelona,Osasuna,1,0,22,2007/2008,2007,2008
68363,2007-11-01,22:00,Real Valladolid,Barcelona,1,1,10,2007/2008,2007,2008
69166,2007-11-04,19:00,Barcelona,Real Betis,3,0,11,2007/2008,2007,2008
68366,2008-05-11,21:00,Barcelona,Mallorca,2,3,37,2007/2008,2007,2008
69148,2007-09-22,22:00,Barcelona,Sevilla,2,1,4,2007/2008,2007,2008
69184,2007-11-24,20:00,Barcelona,Recreativo Huelva,3,0,13,2007/2008,2007,2008
69173,2008-01-20,21:00,Barcelona,Racing Santander,1,0,20,2007/2008,2007,2008
69146,2008-02-09,22:00,Sevilla,Barcelona,1,1,23,2007/2008,2007,2008
69182,2008-02-16,22:00,Real Zaragoza,Barcelona,1,2,24,2007/2008,2007,2008
68358,2008-04-12,22:00,Recreativo Huelva,Barcelona,2,2,32,2007/2008,2007,2008
68361,2008-05-07,22:00,Real Madrid,Barcelona,4,1,36,2007/2008,2007,2008
69141,2008-05-04,19:00,Barcelona,Valencia,6,0,35,2007/2008,2007,2008
69145,2007-12-15,22:00,Valencia,Barcelona,0,3,16,2007/2008,2007,2008
69225,2008-12-13,22:00,Barcelona,Real Madrid,2,0,15,2008/2009,2008,2009
69212,2008-10-04,22:00,Barcelona,Atlético Madrid,6,1,6,2008/2009,2008,2009
69235,2008-11-01,20:00,Málaga,Barcelona,1,4,9,2008/2009,2008,2009
69232,2008-10-25,22:00,Barcelona,Almería,5,0,8,2008/2009,2008,2009
69216,2009-03-07,20:00,Barcelona,Athletic Club,2,0,26,2008/2009,2008,2009
69209,2009-02-01,17:00,Racing Santander,Barcelona,1,2,21,2008/2009,2008,2009
69231,2009-02-08,19:00,Barcelona,Sporting Gijón,3,1,22,2008/2009,2008,2009
69217,2009-05-10,19:03,Barcelona,Villarreal,3,3,35,2008/2009,2008,2009
69273,2009-04-04,20:00,Real Valladolid,Barcelona,0,1,29,2008/2009,2008,2009
69222,2009-04-11,20:00,Barcelona,Recreativo Huelva,2,0,30,2008/2009,2008,2009
69223,2009-04-18,20:00,Getafe,Barcelona,0,1,31,2008/2009,2008,2009
69195,2009-02-14,20:00,Real Betis,Barcelona,2,2,23,2008/2009,2008,2009
69251,2009-04-25,22:00,Valencia,Barcelona,2,2,33,2008/2009,2008,2009
69185,2009-03-01,19:00,Atlético Madrid,Barcelona,4,3,25,2008/2009,2008,2009
69142,2009-03-22,19:00,Barcelona,Málaga,6,0,28,2008/2009,2008,2009
69139,2009-02-21,20:00,Barcelona,Espanyol,1,2,24,2008/2009,2008,2009
69189,2009-01-24,22:00,Barcelona,CD Numancia de Soria,4,1,20,2008/2009,2008,2009
69171,2008-11-29,22:00,Sevilla,Barcelona,0,3,13,2008/2009,2008,2009
69249,2009-05-02,20:00,Real Madrid,Barcelona,2,6,34,2008/2009,2008,2009
69215,2008-09-13,20:00,Barcelona,Racing Santander,1,1,2,2008/2009,2008,2009
69138,2008-09-21,21:00,Sporting Gijón,Barcelona,1,6,3,2008/2009,2008,2009
69147,2008-08-31,19:00,CD Numancia de Soria,Barcelona,1,0,1,2008/2009,2008,2009
69177,2009-03-15,21:03,Almería,Barcelona,0,2,27,2008/2009,2008,2009
69207,2008-09-24,20:00,Barcelona,Real Betis,3,2,4,2008/2009,2008,2009
69228,2008-12-21,19:00,Villarreal,Barcelona,1,2,16,2008/2009,2008,2009
69183,2009-01-17,20:00,Barcelona,RC Deportivo La Coruña,5,0,19,2008/2009,2008,2009
69279,2008-11-08,22:00,Barcelona,Real Valladolid,6,0,10,2008/2009,2008,2009
69285,2008-11-16,21:00,Recreativo Huelva,Barcelona,0,2,11,2008/2009,2008,2009
69211,2008-09-27,22:00,Espanyol,Barcelona,1,2,5,2008/2009,2008,2009
69230,2009-01-11,21:00,Osasuna,Barcelona,2,3,18,2008/2009,2008,2009
69149,2008-12-06,22:00,Barcelona,Valencia,4,0,14,2008/2009,2008,2009
303731,2020-02-22,16:00,Barcelona,Eibar,5,0,25,2019/2020,2019,2020
303532,2020-06-16,22:00,Barcelona,Leganés,2,0,29,2019/2020,2019,2020
303516,2020-06-27,17:00,Celta Vigo,Barcelona,2,2,32,2019/2020,2019,2020
303596,2019-12-18,20:00,Barcelona,Real Madrid,0,0,10,2019/2020,2019,2020
303430,2019-09-24,21:00,Barcelona,Villarreal,2,1,6,2019/2020,2019,2020
303725,2020-07-05,22:00,Villarreal,Barcelona,1,4,34,2019/2020,2019,2020
303504,2019-11-02,16:00,Levante UD,Barcelona,3,1,12,2019/2020,2019,2020
303451,2019-12-07,21:00,Barcelona,Mallorca,5,2,16,2019/2020,2019,2020
303664,2019-12-14,16:00,Real Sociedad,Barcelona,2,2,17,2019/2020,2019,2020
303682,2020-02-02,21:00,Barcelona,Levante UD,2,1,22,2019/2020,2019,2020
303400,2020-01-25,16:00,Valencia,Barcelona,2,0,21,2019/2020,2019,2020
303634,2020-07-16,21:00,Barcelona,Osasuna,1,2,37,2019/2020,2019,2020
303421,2020-07-19,17:00,Deportivo Alavés,Barcelona,0,5,38,2019/2020,2019,2020
303493,2020-06-23,22:00,Barcelona,Athletic Club,1,0,31,2019/2020,2019,2020
303680,2020-07-11,19:30,Real Valladolid,Barcelona,0,1,36,2019/2020,2019,2020
303479,2020-03-07,18:30,Barcelona,Real Sociedad,1,0,27,2019/2020,2019,2020
303615,2020-07-08,22:00,Barcelona,Espanyol,1,0,35,2019/2020,2019,2020
303696,2020-06-30,22:00,Barcelona,Atlético Madrid,2,2,33,2019/2020,2019,2020
303487,2019-11-09,21:00,Barcelona,Celta Vigo,4,1,13,2019/2020,2019,2020
303600,2019-10-29,21:15,Barcelona,Real Valladolid,5,1,11,2019/2020,2019,2020
303548,2020-06-13,22:00,Mallorca,Barcelona,0,4,28,2019/2020,2019,2020
303652,2020-01-04,21:00,Espanyol,Barcelona,2,2,19,2019/2020,2019,2020
303674,2020-06-19,22:00,Sevilla,Barcelona,0,0,30,2019/2020,2019,2020
303470,2020-03-01,21:00,Real Madrid,Barcelona,2,0,26,2019/2020,2019,2020
303700,2019-10-19,13:00,Eibar,Barcelona,0,3,9,2019/2020,2019,2020
303707,2020-02-09,21:00,Real Betis,Barcelona,2,3,23,2019/2020,2019,2020
303666,2019-09-21,21:00,Granada,Barcelona,2,0,5,2019/2020,2019,2020
303715,2019-11-23,13:00,Leganés,Barcelona,1,2,14,2019/2020,2019,2020
303377,2020-02-15,16:00,Barcelona,Getafe,2,1,24,2019/2020,2019,2020
303524,2019-12-01,21:00,Atlético Madrid,Barcelona,0,1,15,2019/2020,2019,2020
303517,2019-12-21,16:00,Barcelona,Deportivo Alavés,4,1,18,2019/2020,2019,2020
303610,2020-01-19,21:00,Barcelona,Granada,1,0,20,2019/2020,2019,2020
303473,2019-10-06,21:00,Barcelona,Sevilla,4,0,8,2019/2020,2019,2020
3773386,2020-10-31,21:00,Deportivo Alavés,Barcelona,1,1,8,2020/2021,2020,2021
3773565,2021-01-09,18:30,Granada,Barcelona,0,4,18,2020/2021,2020,2021
3773457,2021-05-16,18:30,Barcelona,Celta Vigo,1,2,37,2020/2021,2020,2021
3773631,2021-02-07,21:00,Real Betis,Barcelona,2,3,22,2020/2021,2020,2021
3773665,2021-03-06,21:00,Osasuna,Barcelona,0,2,26,2020/2021,2020,2021
3773497,2021-04-10,21:00,Real Madrid,Barcelona,2,1,30,2020/2021,2020,2021
3773660,2020-12-13,21:00,Barcelona,Levante UD,1,0,13,2020/2021,2020,2021
3773593,2020-09-27,21:00,Barcelona,Villarreal,4,0,3,2020/2021,2020,2021
3773466,2020-10-01,21:30,Celta Vigo,Barcelona,0,3,4,2020/2021,2020,2021
3773585,2020-10-24,16:00,Barcelona,Real Madrid,1,3,7,2020/2021,2020,2021
3773552,2021-01-03,21:00,Huesca,Barcelona,0,1,17,2020/2021,2020,2021
3773672,2020-10-04,21:00,Barcelona,Sevilla,1,1,5,2020/2021,2020,2021
3773587,2020-10-17,21:00,Getafe,Barcelona,1,0,6,2020/2021,2020,2021
3773656,2020-11-21,21:00,Atlético Madrid,Barcelona,1,0,10,2020/2021,2020,2021
3773377,2020-12-19,16:15,Barcelona,Valencia,2,2,14,2020/2021,2020,2021
3773586,2021-04-29,19:00,Barcelona,Granada,1,2,33,2020/2021,2020,2021
3773372,2021-05-08,16:15,Barcelona,Atlético Madrid,0,0,35,2020/2021,2020,2021
3773387,2021-05-11,22:00,Levante UD,Barcelona,3,3,36,2020/2021,2020,2021
3773695,2021-05-02,21:00,Valencia,Barcelona,2,3,34,2020/2021,2020,2021
3773369,2021-03-15,21:00,Barcelona,Huesca,4,1,27,2020/2021,2020,2021
3773661,2021-04-22,22:00,Barcelona,Getafe,5,2,31,2020/2021,2020,2021
3773597,2021-03-21,21:00,Real Sociedad,Barcelona,1,6,28,2020/2021,2020,2021
3773523,2020-12-16,21:00,Barcelona,Real Sociedad,2,1,19,2020/2021,2020,2021
3773571,2020-12-22,22:00,Real Valladolid,Barcelona,0,3,15,2020/2021,2020,2021
3773428,2020-12-05,21:00,Cádiz,Barcelona,2,1,12,2020/2021,2020,2021
3764661,2021-01-06,21:00,Athletic Club,Barcelona,2,3,2,2020/2021,2020,2021
3773526,2021-02-13,21:00,Barcelona,Deportivo Alavés,5,1,23,2020/2021,2020,2021
3773474,2021-04-05,21:00,Barcelona,Real Valladolid,1,0,29,2020/2021,2020,2021
3773625,2021-02-27,16:15,Sevilla,Barcelona,0,2,25,2020/2021,2020,2021
3773403,2021-01-31,21:00,Barcelona,Athletic Club,2,1,21,2020/2021,2020,2021
3773547,2020-11-29,14:00,Barcelona,Osasuna,4,0,11,2020/2021,2020,2021
3773415,2021-02-21,14:00,Barcelona,Cádiz,1,1,24,2020/2021,2020,2021
3764440,2021-02-24,19:00,Barcelona,Elche,3,0,1,2020/2021,2020,2021
3773689,2021-04-25,16:15,Villarreal,Barcelona,1,2,32,2020/2021,2020,2021
3773477,2020-11-07,16:15,Barcelona,Real Betis,5,2,9,2020/2021,2020,2021
